[debug] [2026-06-13T10:19:48.932Z] ----------------------------------------------------------------------
[debug] [2026-06-13T10:19:48.933Z] Command:       /Users/bruton/.nvm/versions/node/v20.20.0/bin/node /Users/bruton/.nvm/versions/node/v20.20.0/bin/firebase deploy --only functions
[debug] [2026-06-13T10:19:48.933Z] CLI Version:   15.13.0
[debug] [2026-06-13T10:19:48.933Z] Platform:      darwin
[debug] [2026-06-13T10:19:48.933Z] Node Version:  v20.20.0
[debug] [2026-06-13T10:19:48.933Z] Time:          Sat Jun 13 2026 06:19:48 GMT-0400 (Eastern Daylight Time)
[debug] [2026-06-13T10:19:48.933Z] ----------------------------------------------------------------------
[debug] 
[debug] [2026-06-13T10:19:49.413Z] > command requires scopes: ["email","openid","https://www.googleapis.com/auth/cloudplatformprojects.readonly","https://www.googleapis.com/auth/firebase","https://www.googleapis.com/auth/cloud-platform"]
[debug] [2026-06-13T10:19:49.413Z] > authorizing via signed-in user (alphonsob@momentumappsports.co)
[debug] [2026-06-13T10:19:49.414Z] [iam] checking project momentum-app-prod-1e870 for permissions ["cloudfunctions.functions.create","cloudfunctions.functions.delete","cloudfunctions.functions.get","cloudfunctions.functions.list","cloudfunctions.functions.update","cloudfunctions.operations.get","firebase.projects.get"]
[debug] [2026-06-13T10:19:49.414Z] Checked if tokens are valid: true, expires at: 1781349509064
[debug] [2026-06-13T10:19:49.414Z] Checked if tokens are valid: true, expires at: 1781349509064
[debug] [2026-06-13T10:19:49.415Z] >>> [apiv2][query] POST https://cloudresourcemanager.googleapis.com/v1/projects/momentum-app-prod-1e870:testIamPermissions [none]
[debug] [2026-06-13T10:19:49.415Z] >>> [apiv2][(partial)header] POST https://cloudresourcemanager.googleapis.com/v1/projects/momentum-app-prod-1e870:testIamPermissions  x-goog-user-project=momentum-app-prod-1e870
[debug] [2026-06-13T10:19:49.415Z] >>> [apiv2][body] POST https://cloudresourcemanager.googleapis.com/v1/projects/momentum-app-prod-1e870:testIamPermissions {"permissions":["cloudfunctions.functions.create","cloudfunctions.functions.delete","cloudfunctions.functions.get","cloudfunctions.functions.list","cloudfunctions.functions.update","cloudfunctions.operations.get","firebase.projects.get"]}
[debug] [2026-06-13T10:19:49.657Z] <<< [apiv2][status] POST https://cloudresourcemanager.googleapis.com/v1/projects/momentum-app-prod-1e870:testIamPermissions 200
[debug] [2026-06-13T10:19:49.657Z] <<< [apiv2][body] POST https://cloudresourcemanager.googleapis.com/v1/projects/momentum-app-prod-1e870:testIamPermissions {"permissions":["cloudfunctions.functions.create","cloudfunctions.functions.delete","cloudfunctions.functions.get","cloudfunctions.functions.list","cloudfunctions.functions.update","cloudfunctions.operations.get","firebase.projects.get"]}
[debug] [2026-06-13T10:19:49.657Z] Checked if tokens are valid: true, expires at: 1781349509064
[debug] [2026-06-13T10:19:49.657Z] Checked if tokens are valid: true, expires at: 1781349509064
[debug] [2026-06-13T10:19:49.658Z] >>> [apiv2][query] POST https://iam.googleapis.com/v1/projects/momentum-app-prod-1e870/serviceAccounts/momentum-app-prod-1e870@appspot.gserviceaccount.com:testIamPermissions [none]
[debug] [2026-06-13T10:19:49.658Z] >>> [apiv2][body] POST https://iam.googleapis.com/v1/projects/momentum-app-prod-1e870/serviceAccounts/momentum-app-prod-1e870@appspot.gserviceaccount.com:testIamPermissions {"permissions":["iam.serviceAccounts.actAs"]}
[debug] [2026-06-13T10:19:49.941Z] <<< [apiv2][status] POST https://iam.googleapis.com/v1/projects/momentum-app-prod-1e870/serviceAccounts/momentum-app-prod-1e870@appspot.gserviceaccount.com:testIamPermissions 404
[debug] [2026-06-13T10:19:49.941Z] <<< [apiv2][body] POST https://iam.googleapis.com/v1/projects/momentum-app-prod-1e870/serviceAccounts/momentum-app-prod-1e870@appspot.gserviceaccount.com:testIamPermissions {"error":{"code":404,"message":"Unknown service account","status":"NOT_FOUND"}}
[debug] [2026-06-13T10:19:49.941Z] [functions] service account IAM check errored, deploy may fail: Request to https://iam.googleapis.com/v1/projects/momentum-app-prod-1e870/serviceAccounts/momentum-app-prod-1e870@appspot.gserviceaccount.com:testIamPermissions had HTTP Error: 404, Unknown service account {"name":"FirebaseError","children":[],"context":{"body":{"error":{"code":404,"message":"Unknown service account","status":"NOT_FOUND"}},"response":{"statusCode":404}},"exit":1,"message":"Request to https://iam.googleapis.com/v1/projects/momentum-app-prod-1e870/serviceAccounts/momentum-app-prod-1e870@appspot.gserviceaccount.com:testIamPermissions had HTTP Error: 404, Unknown service account","status":404}
[info] 
[info] === Deploying to 'momentum-app-prod-1e870'...
[info] 
[info] i  deploying functions 
[info] Running command: npm --prefix "$RESOURCE_DIR" run build
[info] ✔  functions: Finished running predeploy script. 
[debug] [2026-06-13T10:19:51.039Z] Checked if tokens are valid: true, expires at: 1781349509064
[debug] [2026-06-13T10:19:51.039Z] Checked if tokens are valid: true, expires at: 1781349509064
[debug] [2026-06-13T10:19:51.039Z] >>> [apiv2][query] GET https://cloudresourcemanager.googleapis.com/v1/projects/momentum-app-prod-1e870 [none]
[debug] [2026-06-13T10:19:51.147Z] <<< [apiv2][status] GET https://cloudresourcemanager.googleapis.com/v1/projects/momentum-app-prod-1e870 200
[debug] [2026-06-13T10:19:51.147Z] <<< [apiv2][body] GET https://cloudresourcemanager.googleapis.com/v1/projects/momentum-app-prod-1e870 {"projectNumber":"727032784711","projectId":"momentum-app-prod-1e870","lifecycleState":"ACTIVE","name":"momentum-app-prod","labels":{"firebase":"enabled","firebase-core":"disabled"},"createTime":"2026-04-29T01:29:10.653Z","parent":{"type":"organization","id":"454234975642"}}
[info] i  functions: preparing codebase default for deployment 
[info] i  functions: ensuring required API cloudfunctions.googleapis.com is enabled... 
[debug] [2026-06-13T10:19:51.148Z] Checked if tokens are valid: true, expires at: 1781349509064
[debug] [2026-06-13T10:19:51.148Z] Checked if tokens are valid: true, expires at: 1781349509064
[debug] [2026-06-13T10:19:51.148Z] Checked if tokens are valid: true, expires at: 1781349509064
[debug] [2026-06-13T10:19:51.148Z] Checked if tokens are valid: true, expires at: 1781349509064
[info] i  functions: ensuring required API cloudbuild.googleapis.com is enabled... 
[debug] [2026-06-13T10:19:51.148Z] Checked if tokens are valid: true, expires at: 1781349509064
[debug] [2026-06-13T10:19:51.148Z] Checked if tokens are valid: true, expires at: 1781349509064
[info] i  artifactregistry: ensuring required API artifactregistry.googleapis.com is enabled... 
[debug] [2026-06-13T10:19:51.148Z] Checked if tokens are valid: true, expires at: 1781349509064
[debug] [2026-06-13T10:19:51.148Z] Checked if tokens are valid: true, expires at: 1781349509064
[debug] [2026-06-13T10:19:51.148Z] >>> [apiv2][query] GET https://serviceusage.googleapis.com/v1/projects/momentum-app-prod-1e870/services/cloudfunctions.googleapis.com [none]
[debug] [2026-06-13T10:19:51.148Z] >>> [apiv2][(partial)header] GET https://serviceusage.googleapis.com/v1/projects/momentum-app-prod-1e870/services/cloudfunctions.googleapis.com  x-goog-user-project=momentum-app-prod-1e870
[debug] [2026-06-13T10:19:51.149Z] >>> [apiv2][query] GET https://serviceusage.googleapis.com/v1/projects/momentum-app-prod-1e870/services/runtimeconfig.googleapis.com [none]
[debug] [2026-06-13T10:19:51.149Z] >>> [apiv2][(partial)header] GET https://serviceusage.googleapis.com/v1/projects/momentum-app-prod-1e870/services/runtimeconfig.googleapis.com  x-goog-user-project=momentum-app-prod-1e870
[debug] [2026-06-13T10:19:51.149Z] >>> [apiv2][query] GET https://serviceusage.googleapis.com/v1/projects/momentum-app-prod-1e870/services/cloudbuild.googleapis.com [none]
[debug] [2026-06-13T10:19:51.149Z] >>> [apiv2][(partial)header] GET https://serviceusage.googleapis.com/v1/projects/momentum-app-prod-1e870/services/cloudbuild.googleapis.com  x-goog-user-project=momentum-app-prod-1e870
[debug] [2026-06-13T10:19:51.150Z] >>> [apiv2][query] GET https://serviceusage.googleapis.com/v1/projects/momentum-app-prod-1e870/services/artifactregistry.googleapis.com [none]
[debug] [2026-06-13T10:19:51.150Z] >>> [apiv2][(partial)header] GET https://serviceusage.googleapis.com/v1/projects/momentum-app-prod-1e870/services/artifactregistry.googleapis.com  x-goog-user-project=momentum-app-prod-1e870
[debug] [2026-06-13T10:19:51.590Z] <<< [apiv2][status] GET https://serviceusage.googleapis.com/v1/projects/momentum-app-prod-1e870/services/runtimeconfig.googleapis.com 200
[debug] [2026-06-13T10:19:51.591Z] <<< [apiv2][body] GET https://serviceusage.googleapis.com/v1/projects/momentum-app-prod-1e870/services/runtimeconfig.googleapis.com [omitted]
[debug] [2026-06-13T10:19:51.596Z] <<< [apiv2][status] GET https://serviceusage.googleapis.com/v1/projects/momentum-app-prod-1e870/services/cloudfunctions.googleapis.com 200
[debug] [2026-06-13T10:19:51.597Z] <<< [apiv2][body] GET https://serviceusage.googleapis.com/v1/projects/momentum-app-prod-1e870/services/cloudfunctions.googleapis.com [omitted]
[warn] ⚠  functions: missing required API cloudfunctions.googleapis.com. Enabling now... 
[debug] [2026-06-13T10:19:51.597Z] Checked if tokens are valid: true, expires at: 1781349509064
[debug] [2026-06-13T10:19:51.597Z] Checked if tokens are valid: true, expires at: 1781349509064
[debug] [2026-06-13T10:19:51.597Z] >>> [apiv2][query] POST https://serviceusage.googleapis.com/v1/projects/momentum-app-prod-1e870/services/cloudfunctions.googleapis.com:enable [none]
[debug] [2026-06-13T10:19:51.597Z] >>> [apiv2][(partial)header] POST https://serviceusage.googleapis.com/v1/projects/momentum-app-prod-1e870/services/cloudfunctions.googleapis.com:enable  x-goog-user-project=momentum-app-prod-1e870
[debug] [2026-06-13T10:19:51.598Z] <<< [apiv2][status] GET https://serviceusage.googleapis.com/v1/projects/momentum-app-prod-1e870/services/cloudbuild.googleapis.com 200
[debug] [2026-06-13T10:19:51.598Z] <<< [apiv2][body] GET https://serviceusage.googleapis.com/v1/projects/momentum-app-prod-1e870/services/cloudbuild.googleapis.com [omitted]
[warn] ⚠  functions: missing required API cloudbuild.googleapis.com. Enabling now... 
[debug] [2026-06-13T10:19:51.598Z] Checked if tokens are valid: true, expires at: 1781349509064
[debug] [2026-06-13T10:19:51.598Z] Checked if tokens are valid: true, expires at: 1781349509064
[debug] [2026-06-13T10:19:51.599Z] >>> [apiv2][query] POST https://serviceusage.googleapis.com/v1/projects/momentum-app-prod-1e870/services/cloudbuild.googleapis.com:enable [none]
[debug] [2026-06-13T10:19:51.599Z] >>> [apiv2][(partial)header] POST https://serviceusage.googleapis.com/v1/projects/momentum-app-prod-1e870/services/cloudbuild.googleapis.com:enable  x-goog-user-project=momentum-app-prod-1e870
[debug] [2026-06-13T10:19:51.600Z] <<< [apiv2][status] GET https://serviceusage.googleapis.com/v1/projects/momentum-app-prod-1e870/services/artifactregistry.googleapis.com 200
[debug] [2026-06-13T10:19:51.600Z] <<< [apiv2][body] GET https://serviceusage.googleapis.com/v1/projects/momentum-app-prod-1e870/services/artifactregistry.googleapis.com [omitted]
[warn] ⚠  artifactregistry: missing required API artifactregistry.googleapis.com. Enabling now... 
[debug] [2026-06-13T10:19:51.600Z] Checked if tokens are valid: true, expires at: 1781349509064
[debug] [2026-06-13T10:19:51.600Z] Checked if tokens are valid: true, expires at: 1781349509064
[debug] [2026-06-13T10:19:51.600Z] >>> [apiv2][query] POST https://serviceusage.googleapis.com/v1/projects/momentum-app-prod-1e870/services/artifactregistry.googleapis.com:enable [none]
[debug] [2026-06-13T10:19:51.600Z] >>> [apiv2][(partial)header] POST https://serviceusage.googleapis.com/v1/projects/momentum-app-prod-1e870/services/artifactregistry.googleapis.com:enable  x-goog-user-project=momentum-app-prod-1e870
[debug] [2026-06-13T10:19:52.169Z] <<< [apiv2][status] POST https://serviceusage.googleapis.com/v1/projects/momentum-app-prod-1e870/services/cloudfunctions.googleapis.com:enable 200
[debug] [2026-06-13T10:19:52.169Z] <<< [apiv2][body] POST https://serviceusage.googleapis.com/v1/projects/momentum-app-prod-1e870/services/cloudfunctions.googleapis.com:enable [omitted]
[debug] [2026-06-13T10:19:52.413Z] <<< [apiv2][status] POST https://serviceusage.googleapis.com/v1/projects/momentum-app-prod-1e870/services/cloudbuild.googleapis.com:enable 200
[debug] [2026-06-13T10:19:52.413Z] <<< [apiv2][body] POST https://serviceusage.googleapis.com/v1/projects/momentum-app-prod-1e870/services/cloudbuild.googleapis.com:enable [omitted]
[debug] [2026-06-13T10:19:52.460Z] <<< [apiv2][status] POST https://serviceusage.googleapis.com/v1/projects/momentum-app-prod-1e870/services/artifactregistry.googleapis.com:enable 200
[debug] [2026-06-13T10:19:52.460Z] <<< [apiv2][body] POST https://serviceusage.googleapis.com/v1/projects/momentum-app-prod-1e870/services/artifactregistry.googleapis.com:enable [omitted]
[debug] [2026-06-13T10:20:02.471Z] Checked if tokens are valid: true, expires at: 1781349509064
[debug] [2026-06-13T10:20:02.472Z] Checked if tokens are valid: true, expires at: 1781349509064
[debug] [2026-06-13T10:20:02.472Z] >>> [apiv2][query] GET https://firebase.googleapis.com/v1beta1/projects/momentum-app-prod-1e870/adminSdkConfig [none]
[debug] [2026-06-13T10:20:02.881Z] <<< [apiv2][status] GET https://firebase.googleapis.com/v1beta1/projects/momentum-app-prod-1e870/adminSdkConfig 200
[debug] [2026-06-13T10:20:02.881Z] <<< [apiv2][body] GET https://firebase.googleapis.com/v1beta1/projects/momentum-app-prod-1e870/adminSdkConfig {"projectId":"momentum-app-prod-1e870","storageBucket":"momentum-app-prod-1e870.firebasestorage.app"}
[debug] [2026-06-13T10:20:02.881Z] Checked if tokens are valid: true, expires at: 1781349509064
[debug] [2026-06-13T10:20:02.881Z] Checked if tokens are valid: true, expires at: 1781349509064
[debug] [2026-06-13T10:20:02.882Z] >>> [apiv2][query] GET https://runtimeconfig.googleapis.com/v1beta1/projects/momentum-app-prod-1e870/configs [none]
[debug] [2026-06-13T10:20:03.283Z] <<< [apiv2][status] GET https://runtimeconfig.googleapis.com/v1beta1/projects/momentum-app-prod-1e870/configs 200
[debug] [2026-06-13T10:20:03.283Z] <<< [apiv2][body] GET https://runtimeconfig.googleapis.com/v1beta1/projects/momentum-app-prod-1e870/configs {}
[debug] [2026-06-13T10:20:03.285Z] Validating nodejs source
[warn] ⚠  functions: Runtime Node.js 20 was deprecated on 2026-04-30 and will be decommissioned on 2026-10-30, after which you will not be able to deploy without upgrading. Consider upgrading now to avoid disruption. See https://cloud.google.com/functions/docs/runtime-support for full details on the lifecycle policy 
[warn] ⚠  functions: package.json indicates an outdated version of firebase-functions. Please upgrade using npm install --save firebase-functions@latest in your functions directory. 
[warn] ⚠  functions: Please note that there will be breaking changes when you upgrade. 
[debug] [2026-06-13T10:20:03.745Z] > [functions] package.json contents: {
  "name": "functions",
  "description": "Cloud Functions for Momentum MVP",
  "private": true,
  "main": "lib/index.js",
  "engines": {
    "node": "20"
  },
  "scripts": {
    "build": "tsc -p tsconfig.json",
    "build:watch": "tsc -p tsconfig.json --watch",
    "serve": "npm run build && firebase emulators:start --only functions",
    "shell": "npm run build && firebase functions:shell",
    "deploy": "firebase deploy --only functions",
    "logs": "firebase functions:log"
  },
  "dependencies": {
    "firebase-admin": "^12.0.0",
    "firebase-functions": "^5.0.0"
  },
  "devDependencies": {
    "@types/node": "^20.11.0",
    "typescript": "^5.3.3"
  }
}
[debug] [2026-06-13T10:20:03.745Z] Building nodejs source
[info] i  functions: Loading and analyzing source code for codebase default to determine what to deploy 
[debug] [2026-06-13T10:20:03.745Z] Could not find functions.yaml. Must use http discovery
[debug] [2026-06-13T10:20:03.751Z] Found firebase-functions binary at '/Users/bruton/Documents/Momentum-MVP/functions/node_modules/.bin/firebase-functions'
[info] Serving at port 8993

[debug] [2026-06-13T10:20:04.195Z] Got response from /__/functions.yaml {"endpoints":{"finalizeBattle":{"availableMemoryMb":null,"timeoutSeconds":null,"minInstances":null,"maxInstances":null,"ingressSettings":null,"concurrency":null,"serviceAccountEmail":null,"vpc":null,"platform":"gcfv2","region":["us-central1"],"labels":{},"callableTrigger":{},"entryPoint":"finalizeBattle"}},"specVersion":"v1alpha1","requiredAPIs":[],"extensions":{}}
[info] i  extensions: ensuring required API firebaseextensions.googleapis.com is enabled... 
[debug] [2026-06-13T10:20:08.212Z] Checked if tokens are valid: true, expires at: 1781349509064
[debug] [2026-06-13T10:20:08.212Z] Checked if tokens are valid: true, expires at: 1781349509064
[debug] [2026-06-13T10:20:08.213Z] >>> [apiv2][query] GET https://serviceusage.googleapis.com/v1/projects/momentum-app-prod-1e870/services/firebaseextensions.googleapis.com [none]
[debug] [2026-06-13T10:20:08.213Z] >>> [apiv2][(partial)header] GET https://serviceusage.googleapis.com/v1/projects/momentum-app-prod-1e870/services/firebaseextensions.googleapis.com  x-goog-user-project=momentum-app-prod-1e870
[debug] [2026-06-13T10:20:08.600Z] <<< [apiv2][status] GET https://serviceusage.googleapis.com/v1/projects/momentum-app-prod-1e870/services/firebaseextensions.googleapis.com 200
[debug] [2026-06-13T10:20:08.601Z] <<< [apiv2][body] GET https://serviceusage.googleapis.com/v1/projects/momentum-app-prod-1e870/services/firebaseextensions.googleapis.com [omitted]
[warn] ⚠  extensions: missing required API firebaseextensions.googleapis.com. Enabling now... 
[debug] [2026-06-13T10:20:08.601Z] Checked if tokens are valid: true, expires at: 1781349509064
[debug] [2026-06-13T10:20:08.601Z] Checked if tokens are valid: true, expires at: 1781349509064
[debug] [2026-06-13T10:20:08.601Z] >>> [apiv2][query] POST https://serviceusage.googleapis.com/v1/projects/momentum-app-prod-1e870/services/firebaseextensions.googleapis.com:enable [none]
[debug] [2026-06-13T10:20:08.601Z] >>> [apiv2][(partial)header] POST https://serviceusage.googleapis.com/v1/projects/momentum-app-prod-1e870/services/firebaseextensions.googleapis.com:enable  x-goog-user-project=momentum-app-prod-1e870
[debug] [2026-06-13T10:20:09.294Z] <<< [apiv2][status] POST https://serviceusage.googleapis.com/v1/projects/momentum-app-prod-1e870/services/firebaseextensions.googleapis.com:enable 200
[debug] [2026-06-13T10:20:09.294Z] <<< [apiv2][body] POST https://serviceusage.googleapis.com/v1/projects/momentum-app-prod-1e870/services/firebaseextensions.googleapis.com:enable [omitted]
[debug] [2026-06-13T10:20:19.304Z] > command requires scopes: ["email","openid","https://www.googleapis.com/auth/cloudplatformprojects.readonly","https://www.googleapis.com/auth/firebase","https://www.googleapis.com/auth/cloud-platform"]
[debug] [2026-06-13T10:20:19.304Z] > authorizing via signed-in user (alphonsob@momentumappsports.co)
[debug] [2026-06-13T10:20:19.304Z] [iam] checking project momentum-app-prod-1e870 for permissions ["firebase.projects.get","firebaseextensions.instances.list"]
[debug] [2026-06-13T10:20:19.304Z] Checked if tokens are valid: true, expires at: 1781349509064
[debug] [2026-06-13T10:20:19.304Z] Checked if tokens are valid: true, expires at: 1781349509064
[debug] [2026-06-13T10:20:19.305Z] >>> [apiv2][query] POST https://cloudresourcemanager.googleapis.com/v1/projects/momentum-app-prod-1e870:testIamPermissions [none]
[debug] [2026-06-13T10:20:19.305Z] >>> [apiv2][(partial)header] POST https://cloudresourcemanager.googleapis.com/v1/projects/momentum-app-prod-1e870:testIamPermissions  x-goog-user-project=momentum-app-prod-1e870
[debug] [2026-06-13T10:20:19.305Z] >>> [apiv2][body] POST https://cloudresourcemanager.googleapis.com/v1/projects/momentum-app-prod-1e870:testIamPermissions {"permissions":["firebase.projects.get","firebaseextensions.instances.list"]}
[debug] [2026-06-13T10:20:19.509Z] <<< [apiv2][status] POST https://cloudresourcemanager.googleapis.com/v1/projects/momentum-app-prod-1e870:testIamPermissions 200
[debug] [2026-06-13T10:20:19.509Z] <<< [apiv2][body] POST https://cloudresourcemanager.googleapis.com/v1/projects/momentum-app-prod-1e870:testIamPermissions {"permissions":["firebase.projects.get","firebaseextensions.instances.list"]}
[debug] [2026-06-13T10:20:19.509Z] Checked if tokens are valid: true, expires at: 1781349509064
[debug] [2026-06-13T10:20:19.509Z] Checked if tokens are valid: true, expires at: 1781349509064
[debug] [2026-06-13T10:20:19.509Z] >>> [apiv2][query] GET https://firebaseextensions.googleapis.com/v1beta/projects/momentum-app-prod-1e870/instances pageSize=100&pageToken=
[debug] [2026-06-13T10:20:31.114Z] <<< [apiv2][status] GET https://firebaseextensions.googleapis.com/v1beta/projects/momentum-app-prod-1e870/instances 200
[debug] [2026-06-13T10:20:31.114Z] <<< [apiv2][body] GET https://firebaseextensions.googleapis.com/v1beta/projects/momentum-app-prod-1e870/instances {}
[info] i  functions: preparing functions directory for uploading... 
[info] i  functions: packaged /Users/bruton/Documents/Momentum-MVP/functions (36.13 KB) for uploading 
[debug] [2026-06-13T10:20:31.146Z] Checked if tokens are valid: true, expires at: 1781349509064
[debug] [2026-06-13T10:20:31.146Z] Checked if tokens are valid: true, expires at: 1781349509064
[debug] [2026-06-13T10:20:31.146Z] >>> [apiv2][query] GET https://cloudfunctions.googleapis.com/v1/projects/momentum-app-prod-1e870/locations/-/functions [none]
[debug] [2026-06-13T10:20:31.932Z] <<< [apiv2][status] GET https://cloudfunctions.googleapis.com/v1/projects/momentum-app-prod-1e870/locations/-/functions 200
[debug] [2026-06-13T10:20:31.933Z] <<< [apiv2][body] GET https://cloudfunctions.googleapis.com/v1/projects/momentum-app-prod-1e870/locations/-/functions {}
[debug] [2026-06-13T10:20:31.933Z] Checked if tokens are valid: true, expires at: 1781349509064
[debug] [2026-06-13T10:20:31.933Z] Checked if tokens are valid: true, expires at: 1781349509064
[debug] [2026-06-13T10:20:31.933Z] >>> [apiv2][query] GET https://cloudfunctions.googleapis.com/v2/projects/momentum-app-prod-1e870/locations/-/functions filter=environment%3D%22GEN_2%22
[debug] [2026-06-13T10:20:32.347Z] <<< [apiv2][status] GET https://cloudfunctions.googleapis.com/v2/projects/momentum-app-prod-1e870/locations/-/functions 200
[debug] [2026-06-13T10:20:32.348Z] <<< [apiv2][body] GET https://cloudfunctions.googleapis.com/v2/projects/momentum-app-prod-1e870/locations/-/functions {}
[info] i  functions: ensuring required API run.googleapis.com is enabled... 
[debug] [2026-06-13T10:20:32.349Z] Checked if tokens are valid: true, expires at: 1781349509064
[debug] [2026-06-13T10:20:32.349Z] Checked if tokens are valid: true, expires at: 1781349509064
[info] i  functions: ensuring required API eventarc.googleapis.com is enabled... 
[debug] [2026-06-13T10:20:32.350Z] Checked if tokens are valid: true, expires at: 1781349509064
[debug] [2026-06-13T10:20:32.350Z] Checked if tokens are valid: true, expires at: 1781349509064
[info] i  functions: ensuring required API pubsub.googleapis.com is enabled... 
[debug] [2026-06-13T10:20:32.350Z] Checked if tokens are valid: true, expires at: 1781349509064
[debug] [2026-06-13T10:20:32.350Z] Checked if tokens are valid: true, expires at: 1781349509064
[info] i  functions: ensuring required API storage.googleapis.com is enabled... 
[debug] [2026-06-13T10:20:32.350Z] Checked if tokens are valid: true, expires at: 1781349509064
[debug] [2026-06-13T10:20:32.350Z] Checked if tokens are valid: true, expires at: 1781349509064
[debug] [2026-06-13T10:20:32.350Z] >>> [apiv2][query] GET https://serviceusage.googleapis.com/v1/projects/727032784711/services/run.googleapis.com [none]
[debug] [2026-06-13T10:20:32.350Z] >>> [apiv2][(partial)header] GET https://serviceusage.googleapis.com/v1/projects/727032784711/services/run.googleapis.com  x-goog-user-project=727032784711
[debug] [2026-06-13T10:20:32.352Z] >>> [apiv2][query] GET https://serviceusage.googleapis.com/v1/projects/727032784711/services/eventarc.googleapis.com [none]
[debug] [2026-06-13T10:20:32.352Z] >>> [apiv2][(partial)header] GET https://serviceusage.googleapis.com/v1/projects/727032784711/services/eventarc.googleapis.com  x-goog-user-project=727032784711
[debug] [2026-06-13T10:20:32.353Z] >>> [apiv2][query] GET https://serviceusage.googleapis.com/v1/projects/727032784711/services/pubsub.googleapis.com [none]
[debug] [2026-06-13T10:20:32.353Z] >>> [apiv2][(partial)header] GET https://serviceusage.googleapis.com/v1/projects/727032784711/services/pubsub.googleapis.com  x-goog-user-project=727032784711
[debug] [2026-06-13T10:20:32.354Z] >>> [apiv2][query] GET https://serviceusage.googleapis.com/v1/projects/727032784711/services/storage.googleapis.com [none]
[debug] [2026-06-13T10:20:32.354Z] >>> [apiv2][(partial)header] GET https://serviceusage.googleapis.com/v1/projects/727032784711/services/storage.googleapis.com  x-goog-user-project=727032784711
[debug] [2026-06-13T10:20:32.755Z] <<< [apiv2][status] GET https://serviceusage.googleapis.com/v1/projects/727032784711/services/pubsub.googleapis.com 200
[debug] [2026-06-13T10:20:32.755Z] <<< [apiv2][body] GET https://serviceusage.googleapis.com/v1/projects/727032784711/services/pubsub.googleapis.com [omitted]
[info] ✔  functions: required API pubsub.googleapis.com is enabled 
[debug] [2026-06-13T10:20:32.763Z] <<< [apiv2][status] GET https://serviceusage.googleapis.com/v1/projects/727032784711/services/storage.googleapis.com 200
[debug] [2026-06-13T10:20:32.763Z] <<< [apiv2][body] GET https://serviceusage.googleapis.com/v1/projects/727032784711/services/storage.googleapis.com [omitted]
[info] ✔  functions: required API storage.googleapis.com is enabled 
[debug] [2026-06-13T10:20:32.768Z] <<< [apiv2][status] GET https://serviceusage.googleapis.com/v1/projects/727032784711/services/eventarc.googleapis.com 200
[debug] [2026-06-13T10:20:32.768Z] <<< [apiv2][body] GET https://serviceusage.googleapis.com/v1/projects/727032784711/services/eventarc.googleapis.com [omitted]
[warn] ⚠  functions: missing required API eventarc.googleapis.com. Enabling now... 
[debug] [2026-06-13T10:20:32.768Z] Checked if tokens are valid: true, expires at: 1781349509064
[debug] [2026-06-13T10:20:32.768Z] Checked if tokens are valid: true, expires at: 1781349509064
[debug] [2026-06-13T10:20:32.768Z] >>> [apiv2][query] POST https://serviceusage.googleapis.com/v1/projects/727032784711/services/eventarc.googleapis.com:enable [none]
[debug] [2026-06-13T10:20:32.768Z] >>> [apiv2][(partial)header] POST https://serviceusage.googleapis.com/v1/projects/727032784711/services/eventarc.googleapis.com:enable  x-goog-user-project=727032784711
[debug] [2026-06-13T10:20:32.770Z] <<< [apiv2][status] GET https://serviceusage.googleapis.com/v1/projects/727032784711/services/run.googleapis.com 200
[debug] [2026-06-13T10:20:32.770Z] <<< [apiv2][body] GET https://serviceusage.googleapis.com/v1/projects/727032784711/services/run.googleapis.com [omitted]
[warn] ⚠  functions: missing required API run.googleapis.com. Enabling now... 
[debug] [2026-06-13T10:20:32.770Z] Checked if tokens are valid: true, expires at: 1781349509064
[debug] [2026-06-13T10:20:32.770Z] Checked if tokens are valid: true, expires at: 1781349509064
[debug] [2026-06-13T10:20:32.770Z] >>> [apiv2][query] POST https://serviceusage.googleapis.com/v1/projects/727032784711/services/run.googleapis.com:enable [none]
[debug] [2026-06-13T10:20:32.770Z] >>> [apiv2][(partial)header] POST https://serviceusage.googleapis.com/v1/projects/727032784711/services/run.googleapis.com:enable  x-goog-user-project=727032784711
[debug] [2026-06-13T10:20:33.387Z] <<< [apiv2][status] POST https://serviceusage.googleapis.com/v1/projects/727032784711/services/eventarc.googleapis.com:enable 200
[debug] [2026-06-13T10:20:33.387Z] <<< [apiv2][body] POST https://serviceusage.googleapis.com/v1/projects/727032784711/services/eventarc.googleapis.com:enable [omitted]
[debug] [2026-06-13T10:20:33.535Z] <<< [apiv2][status] POST https://serviceusage.googleapis.com/v1/projects/727032784711/services/run.googleapis.com:enable 200
[debug] [2026-06-13T10:20:33.535Z] <<< [apiv2][body] POST https://serviceusage.googleapis.com/v1/projects/727032784711/services/run.googleapis.com:enable [omitted]
[info] i  functions: generating the service identity for pubsub.googleapis.com... 
[debug] [2026-06-13T10:20:43.541Z] Checked if tokens are valid: true, expires at: 1781349509064
[debug] [2026-06-13T10:20:43.541Z] Checked if tokens are valid: true, expires at: 1781349509064
[info] i  functions: generating the service identity for eventarc.googleapis.com... 
[debug] [2026-06-13T10:20:43.541Z] Checked if tokens are valid: true, expires at: 1781349509064
[debug] [2026-06-13T10:20:43.541Z] Checked if tokens are valid: true, expires at: 1781349509064
[debug] [2026-06-13T10:20:43.542Z] >>> [apiv2][query] POST https://serviceusage.googleapis.com/v1beta1/projects/727032784711/services/pubsub.googleapis.com:generateServiceIdentity [none]
[debug] [2026-06-13T10:20:43.542Z] >>> [apiv2][(partial)header] POST https://serviceusage.googleapis.com/v1beta1/projects/727032784711/services/pubsub.googleapis.com:generateServiceIdentity  x-goog-user-project=727032784711
[debug] [2026-06-13T10:20:43.542Z] >>> [apiv2][body] POST https://serviceusage.googleapis.com/v1beta1/projects/727032784711/services/pubsub.googleapis.com:generateServiceIdentity {}
[debug] [2026-06-13T10:20:43.543Z] >>> [apiv2][query] POST https://serviceusage.googleapis.com/v1beta1/projects/727032784711/services/eventarc.googleapis.com:generateServiceIdentity [none]
[debug] [2026-06-13T10:20:43.543Z] >>> [apiv2][(partial)header] POST https://serviceusage.googleapis.com/v1beta1/projects/727032784711/services/eventarc.googleapis.com:generateServiceIdentity  x-goog-user-project=727032784711
[debug] [2026-06-13T10:20:43.543Z] >>> [apiv2][body] POST https://serviceusage.googleapis.com/v1beta1/projects/727032784711/services/eventarc.googleapis.com:generateServiceIdentity {}
[debug] [2026-06-13T10:20:44.428Z] <<< [apiv2][status] POST https://serviceusage.googleapis.com/v1beta1/projects/727032784711/services/pubsub.googleapis.com:generateServiceIdentity 200
[debug] [2026-06-13T10:20:44.428Z] <<< [apiv2][body] POST https://serviceusage.googleapis.com/v1beta1/projects/727032784711/services/pubsub.googleapis.com:generateServiceIdentity {"name":"operations/finished.DONE_OPERATION","done":true,"response":{"@type":"type.googleapis.com/google.api.serviceusage.v1beta1.ServiceIdentity","email":"service-727032784711@gcp-sa-pubsub.iam.gserviceaccount.com","uniqueId":"112420985426025822239"}}
[debug] [2026-06-13T10:20:44.428Z] <<< [apiv2][status] POST https://serviceusage.googleapis.com/v1beta1/projects/727032784711/services/eventarc.googleapis.com:generateServiceIdentity 200
[debug] [2026-06-13T10:20:44.428Z] <<< [apiv2][body] POST https://serviceusage.googleapis.com/v1beta1/projects/727032784711/services/eventarc.googleapis.com:generateServiceIdentity {"name":"operations/finished.DONE_OPERATION","done":true,"response":{"@type":"type.googleapis.com/google.api.serviceusage.v1beta1.ServiceIdentity","email":"service-727032784711@gcp-sa-eventarc.iam.gserviceaccount.com","uniqueId":"102562856229891711614"}}
[debug] [2026-06-13T10:20:44.430Z] Checked if tokens are valid: true, expires at: 1781349509064
[debug] [2026-06-13T10:20:44.430Z] Checked if tokens are valid: true, expires at: 1781349509064
[debug] [2026-06-13T10:20:44.430Z] >>> [apiv2][query] GET https://cloudresourcemanager.googleapis.com/v1/projects/momentum-app-prod-1e870 [none]
[debug] [2026-06-13T10:20:44.668Z] <<< [apiv2][status] GET https://cloudresourcemanager.googleapis.com/v1/projects/momentum-app-prod-1e870 200
[debug] [2026-06-13T10:20:44.668Z] <<< [apiv2][body] GET https://cloudresourcemanager.googleapis.com/v1/projects/momentum-app-prod-1e870 {"projectNumber":"727032784711","projectId":"momentum-app-prod-1e870","lifecycleState":"ACTIVE","name":"momentum-app-prod","labels":{"firebase":"enabled","firebase-core":"disabled"},"createTime":"2026-04-29T01:29:10.653Z","parent":{"type":"organization","id":"454234975642"}}
[debug] [2026-06-13T10:20:44.668Z] Checked if tokens are valid: true, expires at: 1781349509064
[debug] [2026-06-13T10:20:44.669Z] Checked if tokens are valid: true, expires at: 1781349509064
[debug] [2026-06-13T10:20:44.669Z] >>> [apiv2][query] GET https://compute.googleapis.com/compute/v1/projects/727032784711 [none]
[debug] [2026-06-13T10:20:44.892Z] <<< [apiv2][status] GET https://compute.googleapis.com/compute/v1/projects/727032784711 403
[debug] [2026-06-13T10:20:44.892Z] <<< [apiv2][body] GET https://compute.googleapis.com/compute/v1/projects/727032784711 {"error":{"code":403,"message":"Compute Engine API has not been used in project 727032784711 before or it is disabled. Enable it by visiting https://console.developers.google.com/apis/api/compute.googleapis.com/overview?project=727032784711 then retry. If you enabled this API recently, wait a few minutes for the action to propagate to our systems and retry.","errors":[{"message":"Compute Engine API has not been used in project 727032784711 before or it is disabled. Enable it by visiting https://console.developers.google.com/apis/api/compute.googleapis.com/overview?project=727032784711 then retry. If you enabled this API recently, wait a few minutes for the action to propagate to our systems and retry.","domain":"usageLimits","reason":"accessNotConfigured","extendedHelp":"https://console.developers.google.com"}],"status":"PERMISSION_DENIED","details":[{"@type":"type.googleapis.com/google.rpc.ErrorInfo","reason":"SERVICE_DISABLED","domain":"googleapis.com","metadata":{"serviceTitle":"Compute Engine API","service":"compute.googleapis.com","consumer":"projects/727032784711","activationUrl":"https://console.developers.google.com/apis/api/compute.googleapis.com/overview?project=727032784711","containerInfo":"727032784711"}},{"@type":"type.googleapis.com/google.rpc.LocalizedMessage","locale":"en-US","message":"Compute Engine API has not been used in project 727032784711 before or it is disabled. Enable it by visiting https://console.developers.google.com/apis/api/compute.googleapis.com/overview?project=727032784711 then retry. If you enabled this API recently, wait a few minutes for the action to propagate to our systems and retry."},{"@type":"type.googleapis.com/google.rpc.Help","links":[{"description":"Google developers console API activation","url":"https://console.developers.google.com/apis/api/compute.googleapis.com/overview?project=727032784711"}]}]}}
[debug] [2026-06-13T10:20:44.892Z] unable to look up default compute service account. Falling back to 727032784711-compute@developer.gserviceaccount.com. Error: {"name":"FirebaseError","children":[],"context":{"body":{"error":{"code":403,"message":"Compute Engine API has not been used in project 727032784711 before or it is disabled. Enable it by visiting https://console.developers.google.com/apis/api/compute.googleapis.com/overview?project=727032784711 then retry. If you enabled this API recently, wait a few minutes for the action to propagate to our systems and retry.","errors":[{"message":"Compute Engine API has not been used in project 727032784711 before or it is disabled. Enable it by visiting https://console.developers.google.com/apis/api/compute.googleapis.com/overview?project=727032784711 then retry. If you enabled this API recently, wait a few minutes for the action to propagate to our systems and retry.","domain":"usageLimits","reason":"accessNotConfigured","extendedHelp":"https://console.developers.google.com"}],"status":"PERMISSION_DENIED","details":[{"@type":"type.googleapis.com/google.rpc.ErrorInfo","reason":"SERVICE_DISABLED","domain":"googleapis.com","metadata":{"serviceTitle":"Compute Engine API","service":"compute.googleapis.com","consumer":"projects/727032784711","activationUrl":"https://console.developers.google.com/apis/api/compute.googleapis.com/overview?project=727032784711","containerInfo":"727032784711"}},{"@type":"type.googleapis.com/google.rpc.LocalizedMessage","locale":"en-US","message":"Compute Engine API has not been used in project 727032784711 before or it is disabled. Enable it by visiting https://console.developers.google.com/apis/api/compute.googleapis.com/overview?project=727032784711 then retry. If you enabled this API recently, wait a few minutes for the action to propagate to our systems and retry."},{"@type":"type.googleapis.com/google.rpc.Help","links":[{"description":"Google developers console API activation","url":"https://console.developers.google.com/apis/api/compute.googleapis.com/overview?project=727032784711"}]}]}},"response":{"statusCode":403}},"exit":1,"message":"Request to https://compute.googleapis.com/compute/v1/projects/727032784711 had HTTP Error: 403, Compute Engine API has not been used in project 727032784711 before or it is disabled. Enable it by visiting https://console.developers.google.com/apis/api/compute.googleapis.com/overview?project=727032784711 then retry. If you enabled this API recently, wait a few minutes for the action to propagate to our systems and retry.","status":403}
[debug] [2026-06-13T10:20:44.893Z] Checked if tokens are valid: true, expires at: 1781349509064
[debug] [2026-06-13T10:20:44.893Z] Checked if tokens are valid: true, expires at: 1781349509064
[debug] [2026-06-13T10:20:44.893Z] >>> [apiv2][query] GET https://cloudbilling.googleapis.com/v1/projects/momentum-app-prod-1e870/billingInfo [none]
[debug] [2026-06-13T10:20:45.163Z] <<< [apiv2][status] GET https://cloudbilling.googleapis.com/v1/projects/momentum-app-prod-1e870/billingInfo 200
[debug] [2026-06-13T10:20:45.163Z] <<< [apiv2][body] GET https://cloudbilling.googleapis.com/v1/projects/momentum-app-prod-1e870/billingInfo {"name":"projects/momentum-app-prod-1e870/billingInfo","projectId":"momentum-app-prod-1e870","billingAccountName":"billingAccounts/018413-FB3B6A-A9B3E4","billingEnabled":true}
[debug] [2026-06-13T10:20:45.164Z] Checked if tokens are valid: true, expires at: 1781349509064
[debug] [2026-06-13T10:20:45.164Z] Checked if tokens are valid: true, expires at: 1781349509064
[debug] [2026-06-13T10:20:45.164Z] >>> [apiv2][query] POST https://cloudfunctions.googleapis.com/v2/projects/momentum-app-prod-1e870/locations/us-central1/functions:generateUploadUrl [none]
[debug] [2026-06-13T10:20:46.612Z] <<< [apiv2][status] POST https://cloudfunctions.googleapis.com/v2/projects/momentum-app-prod-1e870/locations/us-central1/functions:generateUploadUrl 200
[debug] [2026-06-13T10:20:46.612Z] <<< [apiv2][body] POST https://cloudfunctions.googleapis.com/v2/projects/momentum-app-prod-1e870/locations/us-central1/functions:generateUploadUrl {"uploadUrl":"https://storage.googleapis.com/gcf-v2-uploads-727032784711.us-central1.cloudfunctions.appspot.com/d4a500e4-8c35-4e68-985b-2aead51d6ee1.zip?GoogleAccessId=service-727032784711@gcf-admin-robot.iam.gserviceaccount.com&Expires=1781347846&Signature=g6mx3dXyViOCQ6VtNiXmYKfXtOqvvxR8DqDIMcDRPcbduBfL4noU1GDkutZfW2sLkRsD%2FjuCV8FunyvpUpSQa32QvSukDUOYmCK9Oyi24lBBAiSXeqqY7nuSyEmj3ueAeYbMYPHbMIV67lpuRmFYNrlbTgvH8Pvo76Go2ITkv3v3ygYWV167eOgMLpQ1kHvOD9AVTu26esatJ%2BUBkVbdkA%2Ft2JONyVdHR8XvgNOZYGeySXicr6GcpUIAkng2AUgnYdnw0i4xPF9JVfNYqQfW9uW0B9WhZ6v6wlV%2BQ%2Fkc9ifqAqEcJCksAT3TfovTv7kFids%2BgM1%2FDV0tTjt64ssBUw%3D%3D","storageSource":{"bucket":"gcf-v2-uploads-727032784711.us-central1.cloudfunctions.appspot.com","object":"d4a500e4-8c35-4e68-985b-2aead51d6ee1.zip"}}
[debug] [2026-06-13T10:20:46.613Z] >>> [apiv2][query] PUT https://storage.googleapis.com/gcf-v2-uploads-727032784711.us-central1.cloudfunctions.appspot.com/d4a500e4-8c35-4e68-985b-2aead51d6ee1.zip GoogleAccessId=service-727032784711%40gcf-admin-robot.iam.gserviceaccount.com&Expires=1781347846&Signature=g6mx3dXyViOCQ6VtNiXmYKfXtOqvvxR8DqDIMcDRPcbduBfL4noU1GDkutZfW2sLkRsD%2FjuCV8FunyvpUpSQa32QvSukDUOYmCK9Oyi24lBBAiSXeqqY7nuSyEmj3ueAeYbMYPHbMIV67lpuRmFYNrlbTgvH8Pvo76Go2ITkv3v3ygYWV167eOgMLpQ1kHvOD9AVTu26esatJ%2BUBkVbdkA%2Ft2JONyVdHR8XvgNOZYGeySXicr6GcpUIAkng2AUgnYdnw0i4xPF9JVfNYqQfW9uW0B9WhZ6v6wlV%2BQ%2Fkc9ifqAqEcJCksAT3TfovTv7kFids%2BgM1%2FDV0tTjt64ssBUw%3D%3D
[debug] [2026-06-13T10:20:46.613Z] >>> [apiv2][body] PUT https://storage.googleapis.com/gcf-v2-uploads-727032784711.us-central1.cloudfunctions.appspot.com/d4a500e4-8c35-4e68-985b-2aead51d6ee1.zip [stream]
[debug] [2026-06-13T10:20:47.002Z] <<< [apiv2][status] PUT https://storage.googleapis.com/gcf-v2-uploads-727032784711.us-central1.cloudfunctions.appspot.com/d4a500e4-8c35-4e68-985b-2aead51d6ee1.zip 200
[debug] [2026-06-13T10:20:47.002Z] <<< [apiv2][body] PUT https://storage.googleapis.com/gcf-v2-uploads-727032784711.us-central1.cloudfunctions.appspot.com/d4a500e4-8c35-4e68-985b-2aead51d6ee1.zip [omitted]
[info] ✔  functions: functions source uploaded successfully 
[info] i  functions: creating Node.js 20 (2nd Gen) function finalizeBattle(us-central1)... 
[debug] [2026-06-13T10:20:47.006Z] Checked if tokens are valid: true, expires at: 1781349509064
[debug] [2026-06-13T10:20:47.006Z] Checked if tokens are valid: true, expires at: 1781349509064
[debug] [2026-06-13T10:20:47.006Z] >>> [apiv2][query] POST https://cloudfunctions.googleapis.com/v2/projects/momentum-app-prod-1e870/locations/us-central1/functions functionId=finalizeBattle
[debug] [2026-06-13T10:20:47.006Z] >>> [apiv2][body] POST https://cloudfunctions.googleapis.com/v2/projects/momentum-app-prod-1e870/locations/us-central1/functions {"name":"projects/momentum-app-prod-1e870/locations/us-central1/functions/finalizeBattle","buildConfig":{"runtime":"nodejs20","entryPoint":"finalizeBattle","source":{"storageSource":{"bucket":"gcf-v2-uploads-727032784711.us-central1.cloudfunctions.appspot.com","object":"d4a500e4-8c35-4e68-985b-2aead51d6ee1.zip"}},"environmentVariables":{"GOOGLE_NODE_RUN_SCRIPTS":""}},"serviceConfig":{"environmentVariables":{"FIREBASE_CONFIG":"{\"projectId\":\"momentum-app-prod-1e870\",\"storageBucket\":\"momentum-app-prod-1e870.firebasestorage.app\"}","GCLOUD_PROJECT":"momentum-app-prod-1e870","EVENTARC_CLOUD_EVENT_SOURCE":"projects/momentum-app-prod-1e870/locations/us-central1/services/finalizeBattle","FUNCTION_TARGET":"finalizeBattle","LOG_EXECUTION_ID":"true"},"ingressSettings":null,"timeoutSeconds":null,"serviceAccountEmail":null,"availableMemory":"256Mi","minInstanceCount":null,"maxInstanceCount":null,"maxInstanceRequestConcurrency":80,"availableCpu":"1","vpcConnector":null,"vpcConnectorEgressSettings":null,"directVpcNetworkInterface":null,"directVpcEgress":null},"labels":{"deployment-tool":"cli-firebase","deployment-callable":"true","firebase-functions-hash":"54376879a99dc6dc8cad15a41730a3aa144c992e"}}
[debug] [2026-06-13T10:20:49.177Z] <<< [apiv2][status] POST https://cloudfunctions.googleapis.com/v2/projects/momentum-app-prod-1e870/locations/us-central1/functions 200
[debug] [2026-06-13T10:20:49.177Z] <<< [apiv2][body] POST https://cloudfunctions.googleapis.com/v2/projects/momentum-app-prod-1e870/locations/us-central1/functions {"name":"projects/momentum-app-prod-1e870/locations/us-central1/operations/operation-1781346047342-6541ff25fb85d-98c972bd-4367221c","metadata":{"@type":"type.googleapis.com/google.cloud.functions.v2.OperationMetadata","createTime":"2026-06-13T10:20:49.182489436Z","target":"projects/momentum-app-prod-1e870/locations/us-central1/functions/finalizeBattle","verb":"create","cancelRequested":false,"apiVersion":"v2"},"done":false}
[debug] [2026-06-13T10:20:49.177Z] Checked if tokens are valid: true, expires at: 1781349509064
[debug] [2026-06-13T10:20:49.177Z] Checked if tokens are valid: true, expires at: 1781349509064
[debug] [2026-06-13T10:20:49.177Z] >>> [apiv2][query] GET https://cloudfunctions.googleapis.com/v2/projects/momentum-app-prod-1e870/locations/us-central1/operations/operation-1781346047342-6541ff25fb85d-98c972bd-4367221c [none]
[debug] [2026-06-13T10:20:49.342Z] <<< [apiv2][status] GET https://cloudfunctions.googleapis.com/v2/projects/momentum-app-prod-1e870/locations/us-central1/operations/operation-1781346047342-6541ff25fb85d-98c972bd-4367221c 200
[debug] [2026-06-13T10:20:49.342Z] <<< [apiv2][body] GET https://cloudfunctions.googleapis.com/v2/projects/momentum-app-prod-1e870/locations/us-central1/operations/operation-1781346047342-6541ff25fb85d-98c972bd-4367221c {"name":"projects/momentum-app-prod-1e870/locations/us-central1/operations/operation-1781346047342-6541ff25fb85d-98c972bd-4367221c","metadata":{"@type":"type.googleapis.com/google.cloud.functions.v2.OperationMetadata","createTime":"2026-06-13T10:20:49.182489436Z","target":"projects/momentum-app-prod-1e870/locations/us-central1/functions/finalizeBattle","verb":"create","cancelRequested":false,"apiVersion":"v2","requestResource":{"@type":"type.googleapis.com/google.cloud.functions.v2.Function","name":"projects/momentum-app-prod-1e870/locations/us-central1/functions/finalizeBattle","buildConfig":{"runtime":"nodejs20","entryPoint":"finalizeBattle","source":{"storageSource":{"bucket":"gcf-v2-sources-727032784711-us-central1","object":"finalizeBattle/function-source.zip","generation":"1781346048423180"}},"environmentVariables":{"GOOGLE_NODE_RUN_SCRIPTS":""},"serviceAccount":"projects/momentum-app-prod-1e870/serviceAccounts/727032784711-compute@developer.gserviceaccount.com","automaticUpdatePolicy":{}},"serviceConfig":{"service":"projects/momentum-app-prod-1e870/locations/us-central1/services/finalizebattle","timeoutSeconds":60,"environmentVariables":{"FIREBASE_CONFIG":"{\"projectId\":\"momentum-app-prod-1e870\",\"storageBucket\":\"momentum-app-prod-1e870.firebasestorage.app\"}","GCLOUD_PROJECT":"momentum-app-prod-1e870","EVENTARC_CLOUD_EVENT_SOURCE":"projects/momentum-app-prod-1e870/locations/us-central1/services/finalizeBattle","FUNCTION_TARGET":"finalizeBattle","LOG_EXECUTION_ID":"true"},"ingressSettings":"ALLOW_ALL","serviceAccountEmail":"727032784711-compute@developer.gserviceaccount.com","availableMemory":"256Mi","maxInstanceRequestConcurrency":80,"availableCpu":"1"},"labels":{"deployment-tool":"cli-firebase","deployment-callable":"true","firebase-functions-hash":"54376879a99dc6dc8cad15a41730a3aa144c992e"},"environment":"GEN_2"},"stages":[{"name":"BUILD","state":"NOT_STARTED","stateMessages":[{"severity":"WARNING","type":"BuildAnalysisWarning","message":"Node.js 20 is no longer supported by the Node.js community as of 30 April, 2026. Runtime nodejs20 is currently deprecated for Cloud Functions. We recommend you to upgrade to the latest version of Node.js as soon as possible."}]},{"name":"SERVICE","state":"NOT_STARTED"}],"operationType":"CREATE_FUNCTION"},"done":false}
[debug] [2026-06-13T10:20:49.844Z] [create-default-us-central1-finalizeBattle] Retrying task index 0
[debug] [2026-06-13T10:20:49.844Z] Checked if tokens are valid: true, expires at: 1781349509064
[debug] [2026-06-13T10:20:49.844Z] Checked if tokens are valid: true, expires at: 1781349509064
[debug] [2026-06-13T10:20:49.844Z] >>> [apiv2][query] GET https://cloudfunctions.googleapis.com/v2/projects/momentum-app-prod-1e870/locations/us-central1/operations/operation-1781346047342-6541ff25fb85d-98c972bd-4367221c [none]
[debug] [2026-06-13T10:20:50.130Z] <<< [apiv2][status] GET https://cloudfunctions.googleapis.com/v2/projects/momentum-app-prod-1e870/locations/us-central1/operations/operation-1781346047342-6541ff25fb85d-98c972bd-4367221c 200
[debug] [2026-06-13T10:20:50.130Z] <<< [apiv2][body] GET https://cloudfunctions.googleapis.com/v2/projects/momentum-app-prod-1e870/locations/us-central1/operations/operation-1781346047342-6541ff25fb85d-98c972bd-4367221c {"name":"projects/momentum-app-prod-1e870/locations/us-central1/operations/operation-1781346047342-6541ff25fb85d-98c972bd-4367221c","metadata":{"@type":"type.googleapis.com/google.cloud.functions.v2.OperationMetadata","createTime":"2026-06-13T10:20:49.182489436Z","target":"projects/momentum-app-prod-1e870/locations/us-central1/functions/finalizeBattle","verb":"create","cancelRequested":false,"apiVersion":"v2","requestResource":{"@type":"type.googleapis.com/google.cloud.functions.v2.Function","name":"projects/momentum-app-prod-1e870/locations/us-central1/functions/finalizeBattle","buildConfig":{"runtime":"nodejs20","entryPoint":"finalizeBattle","source":{"storageSource":{"bucket":"gcf-v2-sources-727032784711-us-central1","object":"finalizeBattle/function-source.zip","generation":"1781346048423180"}},"environmentVariables":{"GOOGLE_NODE_RUN_SCRIPTS":""},"serviceAccount":"projects/momentum-app-prod-1e870/serviceAccounts/727032784711-compute@developer.gserviceaccount.com","automaticUpdatePolicy":{}},"serviceConfig":{"service":"projects/momentum-app-prod-1e870/locations/us-central1/services/finalizebattle","timeoutSeconds":60,"environmentVariables":{"FIREBASE_CONFIG":"{\"projectId\":\"momentum-app-prod-1e870\",\"storageBucket\":\"momentum-app-prod-1e870.firebasestorage.app\"}","GCLOUD_PROJECT":"momentum-app-prod-1e870","EVENTARC_CLOUD_EVENT_SOURCE":"projects/momentum-app-prod-1e870/locations/us-central1/services/finalizeBattle","FUNCTION_TARGET":"finalizeBattle","LOG_EXECUTION_ID":"true"},"ingressSettings":"ALLOW_ALL","serviceAccountEmail":"727032784711-compute@developer.gserviceaccount.com","availableMemory":"256Mi","maxInstanceRequestConcurrency":80,"availableCpu":"1"},"labels":{"deployment-tool":"cli-firebase","deployment-callable":"true","firebase-functions-hash":"54376879a99dc6dc8cad15a41730a3aa144c992e"},"environment":"GEN_2"},"stages":[{"name":"BUILD","state":"NOT_STARTED","stateMessages":[{"severity":"WARNING","type":"BuildAnalysisWarning","message":"Node.js 20 is no longer supported by the Node.js community as of 30 April, 2026. Runtime nodejs20 is currently deprecated for Cloud Functions. We recommend you to upgrade to the latest version of Node.js as soon as possible."}]},{"name":"SERVICE","state":"NOT_STARTED"}],"operationType":"CREATE_FUNCTION"},"done":false}
[debug] [2026-06-13T10:20:51.132Z] [create-default-us-central1-finalizeBattle] Retrying task index 0
[debug] [2026-06-13T10:20:51.132Z] Checked if tokens are valid: true, expires at: 1781349509064
[debug] [2026-06-13T10:20:51.132Z] Checked if tokens are valid: true, expires at: 1781349509064
[debug] [2026-06-13T10:20:51.133Z] >>> [apiv2][query] GET https://cloudfunctions.googleapis.com/v2/projects/momentum-app-prod-1e870/locations/us-central1/operations/operation-1781346047342-6541ff25fb85d-98c972bd-4367221c [none]
[debug] [2026-06-13T10:20:51.264Z] <<< [apiv2][status] GET https://cloudfunctions.googleapis.com/v2/projects/momentum-app-prod-1e870/locations/us-central1/operations/operation-1781346047342-6541ff25fb85d-98c972bd-4367221c 200
[debug] [2026-06-13T10:20:51.264Z] <<< [apiv2][body] GET https://cloudfunctions.googleapis.com/v2/projects/momentum-app-prod-1e870/locations/us-central1/operations/operation-1781346047342-6541ff25fb85d-98c972bd-4367221c {"name":"projects/momentum-app-prod-1e870/locations/us-central1/operations/operation-1781346047342-6541ff25fb85d-98c972bd-4367221c","metadata":{"@type":"type.googleapis.com/google.cloud.functions.v2.OperationMetadata","createTime":"2026-06-13T10:20:49.182489436Z","target":"projects/momentum-app-prod-1e870/locations/us-central1/functions/finalizeBattle","verb":"create","cancelRequested":false,"apiVersion":"v2","requestResource":{"@type":"type.googleapis.com/google.cloud.functions.v2.Function","name":"projects/momentum-app-prod-1e870/locations/us-central1/functions/finalizeBattle","buildConfig":{"runtime":"nodejs20","entryPoint":"finalizeBattle","source":{"storageSource":{"bucket":"gcf-v2-sources-727032784711-us-central1","object":"finalizeBattle/function-source.zip","generation":"1781346048423180"}},"environmentVariables":{"GOOGLE_NODE_RUN_SCRIPTS":""},"serviceAccount":"projects/momentum-app-prod-1e870/serviceAccounts/727032784711-compute@developer.gserviceaccount.com","automaticUpdatePolicy":{}},"serviceConfig":{"service":"projects/momentum-app-prod-1e870/locations/us-central1/services/finalizebattle","timeoutSeconds":60,"environmentVariables":{"FIREBASE_CONFIG":"{\"projectId\":\"momentum-app-prod-1e870\",\"storageBucket\":\"momentum-app-prod-1e870.firebasestorage.app\"}","GCLOUD_PROJECT":"momentum-app-prod-1e870","EVENTARC_CLOUD_EVENT_SOURCE":"projects/momentum-app-prod-1e870/locations/us-central1/services/finalizeBattle","FUNCTION_TARGET":"finalizeBattle","LOG_EXECUTION_ID":"true"},"ingressSettings":"ALLOW_ALL","serviceAccountEmail":"727032784711-compute@developer.gserviceaccount.com","availableMemory":"256Mi","maxInstanceRequestConcurrency":80,"availableCpu":"1"},"labels":{"deployment-tool":"cli-firebase","deployment-callable":"true","firebase-functions-hash":"54376879a99dc6dc8cad15a41730a3aa144c992e"},"environment":"GEN_2"},"stages":[{"name":"BUILD","state":"NOT_STARTED","stateMessages":[{"severity":"WARNING","type":"BuildAnalysisWarning","message":"Node.js 20 is no longer supported by the Node.js community as of 30 April, 2026. Runtime nodejs20 is currently deprecated for Cloud Functions. We recommend you to upgrade to the latest version of Node.js as soon as possible."}]},{"name":"SERVICE","state":"NOT_STARTED"}],"operationType":"CREATE_FUNCTION"},"done":false}
[debug] [2026-06-13T10:20:53.265Z] [create-default-us-central1-finalizeBattle] Retrying task index 0
[debug] [2026-06-13T10:20:53.265Z] Checked if tokens are valid: true, expires at: 1781349509064
[debug] [2026-06-13T10:20:53.266Z] Checked if tokens are valid: true, expires at: 1781349509064
[debug] [2026-06-13T10:20:53.266Z] >>> [apiv2][query] GET https://cloudfunctions.googleapis.com/v2/projects/momentum-app-prod-1e870/locations/us-central1/operations/operation-1781346047342-6541ff25fb85d-98c972bd-4367221c [none]
[debug] [2026-06-13T10:20:53.643Z] <<< [apiv2][status] GET https://cloudfunctions.googleapis.com/v2/projects/momentum-app-prod-1e870/locations/us-central1/operations/operation-1781346047342-6541ff25fb85d-98c972bd-4367221c 200
[debug] [2026-06-13T10:20:53.643Z] <<< [apiv2][body] GET https://cloudfunctions.googleapis.com/v2/projects/momentum-app-prod-1e870/locations/us-central1/operations/operation-1781346047342-6541ff25fb85d-98c972bd-4367221c {"name":"projects/momentum-app-prod-1e870/locations/us-central1/operations/operation-1781346047342-6541ff25fb85d-98c972bd-4367221c","metadata":{"@type":"type.googleapis.com/google.cloud.functions.v2.OperationMetadata","createTime":"2026-06-13T10:20:49.182489436Z","target":"projects/momentum-app-prod-1e870/locations/us-central1/functions/finalizeBattle","verb":"create","cancelRequested":false,"apiVersion":"v2","requestResource":{"@type":"type.googleapis.com/google.cloud.functions.v2.Function","name":"projects/momentum-app-prod-1e870/locations/us-central1/functions/finalizeBattle","buildConfig":{"runtime":"nodejs20","entryPoint":"finalizeBattle","source":{"storageSource":{"bucket":"gcf-v2-sources-727032784711-us-central1","object":"finalizeBattle/function-source.zip","generation":"1781346048423180"}},"environmentVariables":{"GOOGLE_NODE_RUN_SCRIPTS":""},"serviceAccount":"projects/momentum-app-prod-1e870/serviceAccounts/727032784711-compute@developer.gserviceaccount.com","automaticUpdatePolicy":{}},"serviceConfig":{"service":"projects/momentum-app-prod-1e870/locations/us-central1/services/finalizebattle","timeoutSeconds":60,"environmentVariables":{"FIREBASE_CONFIG":"{\"projectId\":\"momentum-app-prod-1e870\",\"storageBucket\":\"momentum-app-prod-1e870.firebasestorage.app\"}","GCLOUD_PROJECT":"momentum-app-prod-1e870","EVENTARC_CLOUD_EVENT_SOURCE":"projects/momentum-app-prod-1e870/locations/us-central1/services/finalizeBattle","FUNCTION_TARGET":"finalizeBattle","LOG_EXECUTION_ID":"true"},"ingressSettings":"ALLOW_ALL","serviceAccountEmail":"727032784711-compute@developer.gserviceaccount.com","availableMemory":"256Mi","maxInstanceRequestConcurrency":80,"availableCpu":"1"},"labels":{"deployment-tool":"cli-firebase","deployment-callable":"true","firebase-functions-hash":"54376879a99dc6dc8cad15a41730a3aa144c992e"},"environment":"GEN_2"},"stages":[{"name":"BUILD","state":"NOT_STARTED","stateMessages":[{"severity":"WARNING","type":"BuildAnalysisWarning","message":"Node.js 20 is no longer supported by the Node.js community as of 30 April, 2026. Runtime nodejs20 is currently deprecated for Cloud Functions. We recommend you to upgrade to the latest version of Node.js as soon as possible."}]},{"name":"SERVICE","state":"NOT_STARTED"}],"operationType":"CREATE_FUNCTION"},"done":false}
[debug] [2026-06-13T10:20:57.644Z] [create-default-us-central1-finalizeBattle] Retrying task index 0
[debug] [2026-06-13T10:20:57.644Z] Checked if tokens are valid: true, expires at: 1781349509064
[debug] [2026-06-13T10:20:57.645Z] Checked if tokens are valid: true, expires at: 1781349509064
[debug] [2026-06-13T10:20:57.645Z] >>> [apiv2][query] GET https://cloudfunctions.googleapis.com/v2/projects/momentum-app-prod-1e870/locations/us-central1/operations/operation-1781346047342-6541ff25fb85d-98c972bd-4367221c [none]
[debug] [2026-06-13T10:20:57.957Z] <<< [apiv2][status] GET https://cloudfunctions.googleapis.com/v2/projects/momentum-app-prod-1e870/locations/us-central1/operations/operation-1781346047342-6541ff25fb85d-98c972bd-4367221c 200
[debug] [2026-06-13T10:20:57.957Z] <<< [apiv2][body] GET https://cloudfunctions.googleapis.com/v2/projects/momentum-app-prod-1e870/locations/us-central1/operations/operation-1781346047342-6541ff25fb85d-98c972bd-4367221c {"name":"projects/momentum-app-prod-1e870/locations/us-central1/operations/operation-1781346047342-6541ff25fb85d-98c972bd-4367221c","metadata":{"@type":"type.googleapis.com/google.cloud.functions.v2.OperationMetadata","createTime":"2026-06-13T10:20:49.182489436Z","target":"projects/momentum-app-prod-1e870/locations/us-central1/functions/finalizeBattle","verb":"create","cancelRequested":false,"apiVersion":"v2","requestResource":{"@type":"type.googleapis.com/google.cloud.functions.v2.Function","name":"projects/momentum-app-prod-1e870/locations/us-central1/functions/finalizeBattle","buildConfig":{"runtime":"nodejs20","entryPoint":"finalizeBattle","source":{"storageSource":{"bucket":"gcf-v2-sources-727032784711-us-central1","object":"finalizeBattle/function-source.zip","generation":"1781346048423180"}},"environmentVariables":{"GOOGLE_NODE_RUN_SCRIPTS":""},"serviceAccount":"projects/momentum-app-prod-1e870/serviceAccounts/727032784711-compute@developer.gserviceaccount.com","automaticUpdatePolicy":{}},"serviceConfig":{"service":"projects/momentum-app-prod-1e870/locations/us-central1/services/finalizebattle","timeoutSeconds":60,"environmentVariables":{"FIREBASE_CONFIG":"{\"projectId\":\"momentum-app-prod-1e870\",\"storageBucket\":\"momentum-app-prod-1e870.firebasestorage.app\"}","GCLOUD_PROJECT":"momentum-app-prod-1e870","EVENTARC_CLOUD_EVENT_SOURCE":"projects/momentum-app-prod-1e870/locations/us-central1/services/finalizeBattle","FUNCTION_TARGET":"finalizeBattle","LOG_EXECUTION_ID":"true"},"ingressSettings":"ALLOW_ALL","serviceAccountEmail":"727032784711-compute@developer.gserviceaccount.com","availableMemory":"256Mi","maxInstanceRequestConcurrency":80,"availableCpu":"1"},"labels":{"deployment-tool":"cli-firebase","deployment-callable":"true","firebase-functions-hash":"54376879a99dc6dc8cad15a41730a3aa144c992e"},"environment":"GEN_2"},"stages":[{"name":"BUILD","state":"NOT_STARTED","stateMessages":[{"severity":"WARNING","type":"BuildAnalysisWarning","message":"Node.js 20 is no longer supported by the Node.js community as of 30 April, 2026. Runtime nodejs20 is currently deprecated for Cloud Functions. We recommend you to upgrade to the latest version of Node.js as soon as possible."}]},{"name":"SERVICE","state":"NOT_STARTED"}],"operationType":"CREATE_FUNCTION"},"done":false}
[debug] [2026-06-13T10:21:05.958Z] [create-default-us-central1-finalizeBattle] Retrying task index 0
[debug] [2026-06-13T10:21:05.958Z] Checked if tokens are valid: true, expires at: 1781349509064
[debug] [2026-06-13T10:21:05.958Z] Checked if tokens are valid: true, expires at: 1781349509064
[debug] [2026-06-13T10:21:05.958Z] >>> [apiv2][query] GET https://cloudfunctions.googleapis.com/v2/projects/momentum-app-prod-1e870/locations/us-central1/operations/operation-1781346047342-6541ff25fb85d-98c972bd-4367221c [none]
[debug] [2026-06-13T10:21:06.337Z] <<< [apiv2][status] GET https://cloudfunctions.googleapis.com/v2/projects/momentum-app-prod-1e870/locations/us-central1/operations/operation-1781346047342-6541ff25fb85d-98c972bd-4367221c 200
[debug] [2026-06-13T10:21:06.337Z] <<< [apiv2][body] GET https://cloudfunctions.googleapis.com/v2/projects/momentum-app-prod-1e870/locations/us-central1/operations/operation-1781346047342-6541ff25fb85d-98c972bd-4367221c {"name":"projects/momentum-app-prod-1e870/locations/us-central1/operations/operation-1781346047342-6541ff25fb85d-98c972bd-4367221c","metadata":{"@type":"type.googleapis.com/google.cloud.functions.v2.OperationMetadata","createTime":"2026-06-13T10:20:49.182489436Z","target":"projects/momentum-app-prod-1e870/locations/us-central1/functions/finalizeBattle","verb":"create","cancelRequested":false,"apiVersion":"v2","requestResource":{"@type":"type.googleapis.com/google.cloud.functions.v2.Function","name":"projects/momentum-app-prod-1e870/locations/us-central1/functions/finalizeBattle","buildConfig":{"runtime":"nodejs20","entryPoint":"finalizeBattle","source":{"storageSource":{"bucket":"gcf-v2-sources-727032784711-us-central1","object":"finalizeBattle/function-source.zip","generation":"1781346048423180"}},"environmentVariables":{"GOOGLE_NODE_RUN_SCRIPTS":""},"serviceAccount":"projects/momentum-app-prod-1e870/serviceAccounts/727032784711-compute@developer.gserviceaccount.com","automaticUpdatePolicy":{}},"serviceConfig":{"service":"projects/momentum-app-prod-1e870/locations/us-central1/services/finalizebattle","timeoutSeconds":60,"environmentVariables":{"FIREBASE_CONFIG":"{\"projectId\":\"momentum-app-prod-1e870\",\"storageBucket\":\"momentum-app-prod-1e870.firebasestorage.app\"}","GCLOUD_PROJECT":"momentum-app-prod-1e870","EVENTARC_CLOUD_EVENT_SOURCE":"projects/momentum-app-prod-1e870/locations/us-central1/services/finalizeBattle","FUNCTION_TARGET":"finalizeBattle","LOG_EXECUTION_ID":"true"},"ingressSettings":"ALLOW_ALL","serviceAccountEmail":"727032784711-compute@developer.gserviceaccount.com","availableMemory":"256Mi","maxInstanceRequestConcurrency":80,"availableCpu":"1"},"labels":{"deployment-tool":"cli-firebase","deployment-callable":"true","firebase-functions-hash":"54376879a99dc6dc8cad15a41730a3aa144c992e"},"environment":"GEN_2"},"stages":[{"name":"BUILD","state":"NOT_STARTED","stateMessages":[{"severity":"WARNING","type":"BuildAnalysisWarning","message":"Node.js 20 is no longer supported by the Node.js community as of 30 April, 2026. Runtime nodejs20 is currently deprecated for Cloud Functions. We recommend you to upgrade to the latest version of Node.js as soon as possible."}]},{"name":"SERVICE","state":"NOT_STARTED"}],"operationType":"CREATE_FUNCTION"},"done":false}
[debug] [2026-06-13T10:21:16.338Z] [create-default-us-central1-finalizeBattle] Retrying task index 0
[debug] [2026-06-13T10:21:16.339Z] Checked if tokens are valid: true, expires at: 1781349509064
[debug] [2026-06-13T10:21:16.339Z] Checked if tokens are valid: true, expires at: 1781349509064
[debug] [2026-06-13T10:21:16.339Z] >>> [apiv2][query] GET https://cloudfunctions.googleapis.com/v2/projects/momentum-app-prod-1e870/locations/us-central1/operations/operation-1781346047342-6541ff25fb85d-98c972bd-4367221c [none]
[debug] [2026-06-13T10:21:16.785Z] <<< [apiv2][status] GET https://cloudfunctions.googleapis.com/v2/projects/momentum-app-prod-1e870/locations/us-central1/operations/operation-1781346047342-6541ff25fb85d-98c972bd-4367221c 200
[debug] [2026-06-13T10:21:16.785Z] <<< [apiv2][body] GET https://cloudfunctions.googleapis.com/v2/projects/momentum-app-prod-1e870/locations/us-central1/operations/operation-1781346047342-6541ff25fb85d-98c972bd-4367221c {"name":"projects/momentum-app-prod-1e870/locations/us-central1/operations/operation-1781346047342-6541ff25fb85d-98c972bd-4367221c","metadata":{"@type":"type.googleapis.com/google.cloud.functions.v2.OperationMetadata","createTime":"2026-06-13T10:20:49.182489436Z","target":"projects/momentum-app-prod-1e870/locations/us-central1/functions/finalizeBattle","verb":"create","cancelRequested":false,"apiVersion":"v2","requestResource":{"@type":"type.googleapis.com/google.cloud.functions.v2.Function","name":"projects/momentum-app-prod-1e870/locations/us-central1/functions/finalizeBattle","buildConfig":{"runtime":"nodejs20","entryPoint":"finalizeBattle","source":{"storageSource":{"bucket":"gcf-v2-sources-727032784711-us-central1","object":"finalizeBattle/function-source.zip","generation":"1781346048423180"}},"environmentVariables":{"GOOGLE_NODE_RUN_SCRIPTS":""},"serviceAccount":"projects/momentum-app-prod-1e870/serviceAccounts/727032784711-compute@developer.gserviceaccount.com","automaticUpdatePolicy":{}},"serviceConfig":{"service":"projects/momentum-app-prod-1e870/locations/us-central1/services/finalizebattle","timeoutSeconds":60,"environmentVariables":{"FIREBASE_CONFIG":"{\"projectId\":\"momentum-app-prod-1e870\",\"storageBucket\":\"momentum-app-prod-1e870.firebasestorage.app\"}","GCLOUD_PROJECT":"momentum-app-prod-1e870","EVENTARC_CLOUD_EVENT_SOURCE":"projects/momentum-app-prod-1e870/locations/us-central1/services/finalizeBattle","FUNCTION_TARGET":"finalizeBattle","LOG_EXECUTION_ID":"true"},"ingressSettings":"ALLOW_ALL","serviceAccountEmail":"727032784711-compute@developer.gserviceaccount.com","availableMemory":"256Mi","maxInstanceRequestConcurrency":80,"availableCpu":"1"},"labels":{"deployment-tool":"cli-firebase","deployment-callable":"true","firebase-functions-hash":"54376879a99dc6dc8cad15a41730a3aa144c992e"},"environment":"GEN_2"},"stages":[{"name":"BUILD","state":"NOT_STARTED","stateMessages":[{"severity":"WARNING","type":"BuildAnalysisWarning","message":"Node.js 20 is no longer supported by the Node.js community as of 30 April, 2026. Runtime nodejs20 is currently deprecated for Cloud Functions. We recommend you to upgrade to the latest version of Node.js as soon as possible."}]},{"name":"SERVICE","state":"NOT_STARTED"}],"operationType":"CREATE_FUNCTION"},"done":false}
[debug] [2026-06-13T10:21:26.785Z] [create-default-us-central1-finalizeBattle] Retrying task index 0
[debug] [2026-06-13T10:21:26.786Z] Checked if tokens are valid: true, expires at: 1781349509064
[debug] [2026-06-13T10:21:26.786Z] Checked if tokens are valid: true, expires at: 1781349509064
[debug] [2026-06-13T10:21:26.786Z] >>> [apiv2][query] GET https://cloudfunctions.googleapis.com/v2/projects/momentum-app-prod-1e870/locations/us-central1/operations/operation-1781346047342-6541ff25fb85d-98c972bd-4367221c [none]
[debug] [2026-06-13T10:21:27.163Z] <<< [apiv2][status] GET https://cloudfunctions.googleapis.com/v2/projects/momentum-app-prod-1e870/locations/us-central1/operations/operation-1781346047342-6541ff25fb85d-98c972bd-4367221c 200
[debug] [2026-06-13T10:21:27.163Z] <<< [apiv2][body] GET https://cloudfunctions.googleapis.com/v2/projects/momentum-app-prod-1e870/locations/us-central1/operations/operation-1781346047342-6541ff25fb85d-98c972bd-4367221c {"name":"projects/momentum-app-prod-1e870/locations/us-central1/operations/operation-1781346047342-6541ff25fb85d-98c972bd-4367221c","metadata":{"@type":"type.googleapis.com/google.cloud.functions.v2.OperationMetadata","createTime":"2026-06-13T10:20:49.182489436Z","target":"projects/momentum-app-prod-1e870/locations/us-central1/functions/finalizeBattle","verb":"create","cancelRequested":false,"apiVersion":"v2","requestResource":{"@type":"type.googleapis.com/google.cloud.functions.v2.Function","name":"projects/momentum-app-prod-1e870/locations/us-central1/functions/finalizeBattle","buildConfig":{"runtime":"nodejs20","entryPoint":"finalizeBattle","source":{"storageSource":{"bucket":"gcf-v2-sources-727032784711-us-central1","object":"finalizeBattle/function-source.zip","generation":"1781346048423180"}},"environmentVariables":{"GOOGLE_NODE_RUN_SCRIPTS":""},"serviceAccount":"projects/momentum-app-prod-1e870/serviceAccounts/727032784711-compute@developer.gserviceaccount.com","automaticUpdatePolicy":{}},"serviceConfig":{"service":"projects/momentum-app-prod-1e870/locations/us-central1/services/finalizebattle","timeoutSeconds":60,"environmentVariables":{"FIREBASE_CONFIG":"{\"projectId\":\"momentum-app-prod-1e870\",\"storageBucket\":\"momentum-app-prod-1e870.firebasestorage.app\"}","GCLOUD_PROJECT":"momentum-app-prod-1e870","EVENTARC_CLOUD_EVENT_SOURCE":"projects/momentum-app-prod-1e870/locations/us-central1/services/finalizeBattle","FUNCTION_TARGET":"finalizeBattle","LOG_EXECUTION_ID":"true"},"ingressSettings":"ALLOW_ALL","serviceAccountEmail":"727032784711-compute@developer.gserviceaccount.com","availableMemory":"256Mi","maxInstanceRequestConcurrency":80,"availableCpu":"1"},"labels":{"deployment-tool":"cli-firebase","deployment-callable":"true","firebase-functions-hash":"54376879a99dc6dc8cad15a41730a3aa144c992e"},"environment":"GEN_2"},"stages":[{"name":"BUILD","state":"NOT_STARTED","stateMessages":[{"severity":"WARNING","type":"BuildAnalysisWarning","message":"Node.js 20 is no longer supported by the Node.js community as of 30 April, 2026. Runtime nodejs20 is currently deprecated for Cloud Functions. We recommend you to upgrade to the latest version of Node.js as soon as possible."}]},{"name":"SERVICE","state":"NOT_STARTED"}],"operationType":"CREATE_FUNCTION"},"done":false}
[debug] [2026-06-13T10:21:37.165Z] [create-default-us-central1-finalizeBattle] Retrying task index 0
[debug] [2026-06-13T10:21:37.165Z] Checked if tokens are valid: true, expires at: 1781349509064
[debug] [2026-06-13T10:21:37.165Z] Checked if tokens are valid: true, expires at: 1781349509064
[debug] [2026-06-13T10:21:37.165Z] >>> [apiv2][query] GET https://cloudfunctions.googleapis.com/v2/projects/momentum-app-prod-1e870/locations/us-central1/operations/operation-1781346047342-6541ff25fb85d-98c972bd-4367221c [none]
[debug] [2026-06-13T10:21:37.567Z] <<< [apiv2][status] GET https://cloudfunctions.googleapis.com/v2/projects/momentum-app-prod-1e870/locations/us-central1/operations/operation-1781346047342-6541ff25fb85d-98c972bd-4367221c 200
[debug] [2026-06-13T10:21:37.567Z] <<< [apiv2][body] GET https://cloudfunctions.googleapis.com/v2/projects/momentum-app-prod-1e870/locations/us-central1/operations/operation-1781346047342-6541ff25fb85d-98c972bd-4367221c {"name":"projects/momentum-app-prod-1e870/locations/us-central1/operations/operation-1781346047342-6541ff25fb85d-98c972bd-4367221c","metadata":{"@type":"type.googleapis.com/google.cloud.functions.v2.OperationMetadata","createTime":"2026-06-13T10:20:49.182489436Z","target":"projects/momentum-app-prod-1e870/locations/us-central1/functions/finalizeBattle","verb":"create","cancelRequested":false,"apiVersion":"v2","requestResource":{"@type":"type.googleapis.com/google.cloud.functions.v2.Function","name":"projects/momentum-app-prod-1e870/locations/us-central1/functions/finalizeBattle","buildConfig":{"runtime":"nodejs20","entryPoint":"finalizeBattle","source":{"storageSource":{"bucket":"gcf-v2-sources-727032784711-us-central1","object":"finalizeBattle/function-source.zip","generation":"1781346048423180"}},"environmentVariables":{"GOOGLE_NODE_RUN_SCRIPTS":""},"serviceAccount":"projects/momentum-app-prod-1e870/serviceAccounts/727032784711-compute@developer.gserviceaccount.com","automaticUpdatePolicy":{}},"serviceConfig":{"service":"projects/momentum-app-prod-1e870/locations/us-central1/services/finalizebattle","timeoutSeconds":60,"environmentVariables":{"FIREBASE_CONFIG":"{\"projectId\":\"momentum-app-prod-1e870\",\"storageBucket\":\"momentum-app-prod-1e870.firebasestorage.app\"}","GCLOUD_PROJECT":"momentum-app-prod-1e870","EVENTARC_CLOUD_EVENT_SOURCE":"projects/momentum-app-prod-1e870/locations/us-central1/services/finalizeBattle","FUNCTION_TARGET":"finalizeBattle","LOG_EXECUTION_ID":"true"},"ingressSettings":"ALLOW_ALL","serviceAccountEmail":"727032784711-compute@developer.gserviceaccount.com","availableMemory":"256Mi","maxInstanceRequestConcurrency":80,"availableCpu":"1"},"labels":{"deployment-tool":"cli-firebase","deployment-callable":"true","firebase-functions-hash":"54376879a99dc6dc8cad15a41730a3aa144c992e"},"environment":"GEN_2"},"stages":[{"name":"BUILD","message":"Build in progress","state":"IN_PROGRESS","resource":"projects/727032784711/locations/us-central1/builds/ac2caef3-2f56-40fc-8876-df9aade0eaaa","resourceUri":"https://console.cloud.google.com/cloud-build/builds;region=us-central1/ac2caef3-2f56-40fc-8876-df9aade0eaaa?project=727032784711"},{"name":"SERVICE","state":"NOT_STARTED"}],"operationType":"CREATE_FUNCTION","buildName":"projects/727032784711/locations/us-central1/builds/ac2caef3-2f56-40fc-8876-df9aade0eaaa"},"done":false}
[debug] [2026-06-13T10:21:47.568Z] [create-default-us-central1-finalizeBattle] Retrying task index 0
[debug] [2026-06-13T10:21:47.568Z] Checked if tokens are valid: true, expires at: 1781349509064
[debug] [2026-06-13T10:21:47.568Z] Checked if tokens are valid: true, expires at: 1781349509064
[debug] [2026-06-13T10:21:47.568Z] >>> [apiv2][query] GET https://cloudfunctions.googleapis.com/v2/projects/momentum-app-prod-1e870/locations/us-central1/operations/operation-1781346047342-6541ff25fb85d-98c972bd-4367221c [none]
[debug] [2026-06-13T10:21:48.018Z] <<< [apiv2][status] GET https://cloudfunctions.googleapis.com/v2/projects/momentum-app-prod-1e870/locations/us-central1/operations/operation-1781346047342-6541ff25fb85d-98c972bd-4367221c 200
[debug] [2026-06-13T10:21:48.018Z] <<< [apiv2][body] GET https://cloudfunctions.googleapis.com/v2/projects/momentum-app-prod-1e870/locations/us-central1/operations/operation-1781346047342-6541ff25fb85d-98c972bd-4367221c {"name":"projects/momentum-app-prod-1e870/locations/us-central1/operations/operation-1781346047342-6541ff25fb85d-98c972bd-4367221c","metadata":{"@type":"type.googleapis.com/google.cloud.functions.v2.OperationMetadata","createTime":"2026-06-13T10:20:49.182489436Z","target":"projects/momentum-app-prod-1e870/locations/us-central1/functions/finalizeBattle","verb":"create","cancelRequested":false,"apiVersion":"v2","requestResource":{"@type":"type.googleapis.com/google.cloud.functions.v2.Function","name":"projects/momentum-app-prod-1e870/locations/us-central1/functions/finalizeBattle","buildConfig":{"runtime":"nodejs20","entryPoint":"finalizeBattle","source":{"storageSource":{"bucket":"gcf-v2-sources-727032784711-us-central1","object":"finalizeBattle/function-source.zip","generation":"1781346048423180"}},"environmentVariables":{"GOOGLE_NODE_RUN_SCRIPTS":""},"serviceAccount":"projects/momentum-app-prod-1e870/serviceAccounts/727032784711-compute@developer.gserviceaccount.com","automaticUpdatePolicy":{}},"serviceConfig":{"service":"projects/momentum-app-prod-1e870/locations/us-central1/services/finalizebattle","timeoutSeconds":60,"environmentVariables":{"FIREBASE_CONFIG":"{\"projectId\":\"momentum-app-prod-1e870\",\"storageBucket\":\"momentum-app-prod-1e870.firebasestorage.app\"}","GCLOUD_PROJECT":"momentum-app-prod-1e870","EVENTARC_CLOUD_EVENT_SOURCE":"projects/momentum-app-prod-1e870/locations/us-central1/services/finalizeBattle","FUNCTION_TARGET":"finalizeBattle","LOG_EXECUTION_ID":"true"},"ingressSettings":"ALLOW_ALL","serviceAccountEmail":"727032784711-compute@developer.gserviceaccount.com","availableMemory":"256Mi","maxInstanceRequestConcurrency":80,"availableCpu":"1"},"labels":{"deployment-tool":"cli-firebase","deployment-callable":"true","firebase-functions-hash":"54376879a99dc6dc8cad15a41730a3aa144c992e"},"environment":"GEN_2"},"stages":[{"name":"BUILD","message":"Build in progress","state":"IN_PROGRESS","resource":"projects/727032784711/locations/us-central1/builds/ac2caef3-2f56-40fc-8876-df9aade0eaaa","resourceUri":"https://console.cloud.google.com/cloud-build/builds;region=us-central1/ac2caef3-2f56-40fc-8876-df9aade0eaaa?project=727032784711"},{"name":"SERVICE","state":"NOT_STARTED"}],"operationType":"CREATE_FUNCTION","buildName":"projects/727032784711/locations/us-central1/builds/ac2caef3-2f56-40fc-8876-df9aade0eaaa"},"done":false}
[debug] [2026-06-13T10:21:58.019Z] [create-default-us-central1-finalizeBattle] Retrying task index 0
[debug] [2026-06-13T10:21:58.019Z] Checked if tokens are valid: true, expires at: 1781349509064
[debug] [2026-06-13T10:21:58.019Z] Checked if tokens are valid: true, expires at: 1781349509064
[debug] [2026-06-13T10:21:58.019Z] >>> [apiv2][query] GET https://cloudfunctions.googleapis.com/v2/projects/momentum-app-prod-1e870/locations/us-central1/operations/operation-1781346047342-6541ff25fb85d-98c972bd-4367221c [none]
[debug] [2026-06-13T10:21:58.403Z] <<< [apiv2][status] GET https://cloudfunctions.googleapis.com/v2/projects/momentum-app-prod-1e870/locations/us-central1/operations/operation-1781346047342-6541ff25fb85d-98c972bd-4367221c 200
[debug] [2026-06-13T10:21:58.403Z] <<< [apiv2][body] GET https://cloudfunctions.googleapis.com/v2/projects/momentum-app-prod-1e870/locations/us-central1/operations/operation-1781346047342-6541ff25fb85d-98c972bd-4367221c {"name":"projects/momentum-app-prod-1e870/locations/us-central1/operations/operation-1781346047342-6541ff25fb85d-98c972bd-4367221c","metadata":{"@type":"type.googleapis.com/google.cloud.functions.v2.OperationMetadata","createTime":"2026-06-13T10:20:49.182489436Z","target":"projects/momentum-app-prod-1e870/locations/us-central1/functions/finalizeBattle","verb":"create","cancelRequested":false,"apiVersion":"v2","requestResource":{"@type":"type.googleapis.com/google.cloud.functions.v2.Function","name":"projects/momentum-app-prod-1e870/locations/us-central1/functions/finalizeBattle","buildConfig":{"runtime":"nodejs20","entryPoint":"finalizeBattle","source":{"storageSource":{"bucket":"gcf-v2-sources-727032784711-us-central1","object":"finalizeBattle/function-source.zip","generation":"1781346048423180"}},"environmentVariables":{"GOOGLE_NODE_RUN_SCRIPTS":""},"serviceAccount":"projects/momentum-app-prod-1e870/serviceAccounts/727032784711-compute@developer.gserviceaccount.com","automaticUpdatePolicy":{}},"serviceConfig":{"service":"projects/momentum-app-prod-1e870/locations/us-central1/services/finalizebattle","timeoutSeconds":60,"environmentVariables":{"FIREBASE_CONFIG":"{\"projectId\":\"momentum-app-prod-1e870\",\"storageBucket\":\"momentum-app-prod-1e870.firebasestorage.app\"}","GCLOUD_PROJECT":"momentum-app-prod-1e870","EVENTARC_CLOUD_EVENT_SOURCE":"projects/momentum-app-prod-1e870/locations/us-central1/services/finalizeBattle","FUNCTION_TARGET":"finalizeBattle","LOG_EXECUTION_ID":"true"},"ingressSettings":"ALLOW_ALL","serviceAccountEmail":"727032784711-compute@developer.gserviceaccount.com","availableMemory":"256Mi","maxInstanceRequestConcurrency":80,"availableCpu":"1"},"labels":{"deployment-tool":"cli-firebase","deployment-callable":"true","firebase-functions-hash":"54376879a99dc6dc8cad15a41730a3aa144c992e"},"environment":"GEN_2"},"stages":[{"name":"BUILD","message":"Build in progress","state":"IN_PROGRESS","resource":"projects/727032784711/locations/us-central1/builds/ac2caef3-2f56-40fc-8876-df9aade0eaaa","resourceUri":"https://console.cloud.google.com/cloud-build/builds;region=us-central1/ac2caef3-2f56-40fc-8876-df9aade0eaaa?project=727032784711"},{"name":"SERVICE","state":"NOT_STARTED"}],"operationType":"CREATE_FUNCTION","buildName":"projects/727032784711/locations/us-central1/builds/ac2caef3-2f56-40fc-8876-df9aade0eaaa"},"done":false}
[debug] [2026-06-13T10:22:08.403Z] [create-default-us-central1-finalizeBattle] Retrying task index 0
[debug] [2026-06-13T10:22:08.404Z] Checked if tokens are valid: true, expires at: 1781349509064
[debug] [2026-06-13T10:22:08.404Z] Checked if tokens are valid: true, expires at: 1781349509064
[debug] [2026-06-13T10:22:08.404Z] >>> [apiv2][query] GET https://cloudfunctions.googleapis.com/v2/projects/momentum-app-prod-1e870/locations/us-central1/operations/operation-1781346047342-6541ff25fb85d-98c972bd-4367221c [none]
[debug] [2026-06-13T10:22:08.633Z] <<< [apiv2][status] GET https://cloudfunctions.googleapis.com/v2/projects/momentum-app-prod-1e870/locations/us-central1/operations/operation-1781346047342-6541ff25fb85d-98c972bd-4367221c 200
[debug] [2026-06-13T10:22:08.633Z] <<< [apiv2][body] GET https://cloudfunctions.googleapis.com/v2/projects/momentum-app-prod-1e870/locations/us-central1/operations/operation-1781346047342-6541ff25fb85d-98c972bd-4367221c {"name":"projects/momentum-app-prod-1e870/locations/us-central1/operations/operation-1781346047342-6541ff25fb85d-98c972bd-4367221c","metadata":{"@type":"type.googleapis.com/google.cloud.functions.v2.OperationMetadata","createTime":"2026-06-13T10:20:49.182489436Z","endTime":"2026-06-13T10:22:05.820010765Z","target":"projects/momentum-app-prod-1e870/locations/us-central1/functions/finalizeBattle","verb":"create","cancelRequested":false,"apiVersion":"v2","requestResource":{"@type":"type.googleapis.com/google.cloud.functions.v2.Function","name":"projects/momentum-app-prod-1e870/locations/us-central1/functions/finalizeBattle","buildConfig":{"runtime":"nodejs20","entryPoint":"finalizeBattle","source":{"storageSource":{"bucket":"gcf-v2-sources-727032784711-us-central1","object":"finalizeBattle/function-source.zip","generation":"1781346048423180"}},"environmentVariables":{"GOOGLE_NODE_RUN_SCRIPTS":""},"serviceAccount":"projects/momentum-app-prod-1e870/serviceAccounts/727032784711-compute@developer.gserviceaccount.com","automaticUpdatePolicy":{}},"serviceConfig":{"service":"projects/momentum-app-prod-1e870/locations/us-central1/services/finalizebattle","timeoutSeconds":60,"environmentVariables":{"FIREBASE_CONFIG":"{\"projectId\":\"momentum-app-prod-1e870\",\"storageBucket\":\"momentum-app-prod-1e870.firebasestorage.app\"}","GCLOUD_PROJECT":"momentum-app-prod-1e870","EVENTARC_CLOUD_EVENT_SOURCE":"projects/momentum-app-prod-1e870/locations/us-central1/services/finalizeBattle","FUNCTION_TARGET":"finalizeBattle","LOG_EXECUTION_ID":"true"},"ingressSettings":"ALLOW_ALL","serviceAccountEmail":"727032784711-compute@developer.gserviceaccount.com","availableMemory":"256Mi","maxInstanceRequestConcurrency":80,"availableCpu":"1"},"labels":{"deployment-tool":"cli-firebase","deployment-callable":"true","firebase-functions-hash":"54376879a99dc6dc8cad15a41730a3aa144c992e"},"environment":"GEN_2"},"stages":[{"name":"ARTIFACT_REGISTRY","message":"Deleting function artifacts in Artifact Registry","state":"COMPLETE"},{"name":"SERVICE","message":"Deleting Cloud Run service","state":"COMPLETE","resource":"projects/momentum-app-prod-1e870/locations/us-central1/services/finalizebattle"}],"operationType":"CREATE_FUNCTION"},"done":true,"error":{"code":3,"message":"Build failed with status: FAILURE. Could not build the function due to a missing permission on the build service account. If you didn't revoke that permission explicitly, this could be caused by a change in the organization policies. Please refer to the following documentation for more details and resolution: https://cloud.google.com/functions/docs/troubleshooting#build-service-account\n You can also view the logs at https://console.cloud.google.com/cloud-build/builds;region=us-central1/ac2caef3-2f56-40fc-8876-df9aade0eaaa?project=727032784711.\n"}}
[debug] [2026-06-13T10:22:08.633Z] Got source token undefined for region us-central1
[error] Build failed with status: FAILURE. Could not build the function due to a missing permission on the build service account. If you didn't revoke that permission explicitly, this could be caused by a change in the organization policies. Please refer to the following documentation for more details and resolution: https://cloud.google.com/functions/docs/troubleshooting#build-service-account
 You can also view the logs at https://console.cloud.google.com/cloud-build/builds;region=us-central1/ac2caef3-2f56-40fc-8876-df9aade0eaaa?project=727032784711.

[debug] [2026-06-13T10:22:08.638Z] Total Function Deployment time: 81629
[debug] [2026-06-13T10:22:08.639Z] 1 Functions Deployed
[debug] [2026-06-13T10:22:08.639Z] 1 Functions Errored
[debug] [2026-06-13T10:22:08.639Z] 0 Function Deployments Aborted
[debug] [2026-06-13T10:22:08.639Z] Average Function Deployment time: 81629
[info] 
[info] Functions deploy had errors with the following functions:
	finalizeBattle(us-central1)
[debug] [2026-06-13T10:22:08.743Z] Checked if tokens are valid: true, expires at: 1781349509064
[debug] [2026-06-13T10:22:08.743Z] Checked if tokens are valid: true, expires at: 1781349509064
[debug] [2026-06-13T10:22:08.743Z] >>> [apiv2][query] GET https://artifactregistry.googleapis.com/v1/projects/momentum-app-prod-1e870/locations/us-central1/repositories/gcf-artifacts [none]
[debug] [2026-06-13T10:22:09.351Z] <<< [apiv2][status] GET https://artifactregistry.googleapis.com/v1/projects/momentum-app-prod-1e870/locations/us-central1/repositories/gcf-artifacts 200
[debug] [2026-06-13T10:22:09.351Z] <<< [apiv2][body] GET https://artifactregistry.googleapis.com/v1/projects/momentum-app-prod-1e870/locations/us-central1/repositories/gcf-artifacts {"name":"projects/momentum-app-prod-1e870/locations/us-central1/repositories/gcf-artifacts","format":"DOCKER","description":"This repository is created and used by Cloud Functions for storing function docker images.","labels":{"goog-managed-by":"cloudfunctions"},"createTime":"2026-06-13T10:21:33.073841Z","updateTime":"2026-06-13T10:21:33.073841Z","mode":"STANDARD_REPOSITORY","vulnerabilityScanningConfig":{"lastEnableTime":"2026-06-13T10:21:24.243957346Z","enablementState":"SCANNING_DISABLED","enablementStateReason":"API containerscanning.googleapis.com is not enabled."},"satisfiesPzi":true,"registryUri":"us-central1-docker.pkg.dev/momentum-app-prod-1e870/gcf-artifacts"}
[warn] ⚠  functions: No cleanup policy detected for repositories in us-central1. This may result in a small monthly bill as container images accumulate over time. 
[info] i  functions: Configuring cleanup policy for repository in us-central1. Images older than 1 days will be automatically deleted. 
[debug] [2026-06-13T10:25:02.531Z] Setting up artifact cleanup policy for region us-central1
[debug] [2026-06-13T10:25:02.532Z] Checked if tokens are valid: true, expires at: 1781349509064
[debug] [2026-06-13T10:25:02.532Z] Checked if tokens are valid: true, expires at: 1781349509064
[debug] [2026-06-13T10:25:02.532Z] >>> [apiv2][query] PATCH https://artifactregistry.googleapis.com/v1/projects/momentum-app-prod-1e870/locations/us-central1/repositories/gcf-artifacts updateMask=name%2CcleanupPolicies%2CcleanupPolicyDryRun%2Clabels
[debug] [2026-06-13T10:25:02.532Z] >>> [apiv2][body] PATCH https://artifactregistry.googleapis.com/v1/projects/momentum-app-prod-1e870/locations/us-central1/repositories/gcf-artifacts {"name":"projects/momentum-app-prod-1e870/locations/us-central1/repositories/gcf-artifacts","cleanupPolicies":{"firebase-functions-cleanup":{"id":"firebase-functions-cleanup","condition":{"tagState":"ANY","olderThan":"86400s"},"action":"DELETE"}},"cleanupPolicyDryRun":false,"labels":{"goog-managed-by":"cloudfunctions"}}
[debug] [2026-06-13T10:25:02.987Z] <<< [apiv2][status] PATCH https://artifactregistry.googleapis.com/v1/projects/momentum-app-prod-1e870/locations/us-central1/repositories/gcf-artifacts 200
[debug] [2026-06-13T10:25:02.987Z] <<< [apiv2][body] PATCH https://artifactregistry.googleapis.com/v1/projects/momentum-app-prod-1e870/locations/us-central1/repositories/gcf-artifacts {"name":"projects/momentum-app-prod-1e870/locations/us-central1/repositories/gcf-artifacts","format":"DOCKER","description":"This repository is created and used by Cloud Functions for storing function docker images.","labels":{"goog-managed-by":"cloudfunctions"},"createTime":"2026-06-13T10:21:33.073841Z","updateTime":"2026-06-13T10:25:02.936413Z","mode":"STANDARD_REPOSITORY","cleanupPolicies":{"firebase-functions-cleanup":{"id":"firebase-functions-cleanup","action":"DELETE","condition":{"tagState":"ANY","olderThan":"86400s"}}},"vulnerabilityScanningConfig":{"lastEnableTime":"2026-06-13T10:21:24.243957346Z","enablementState":"SCANNING_DISABLED","enablementStateReason":"API containerscanning.googleapis.com is not enabled."},"satisfiesPzi":true}
[info] i  functions: Configured cleanup policy for repository in us-central1. 
[debug] [2026-06-13T10:25:02.987Z] Functions deploy failed.
[debug] [2026-06-13T10:25:02.988Z] {
  "endpoint": {
    "id": "finalizeBattle",
    "project": "momentum-app-prod-1e870",
    "region": "us-central1",
    "entryPoint": "finalizeBattle",
    "platform": "gcfv2",
    "runtime": "nodejs20",
    "callableTrigger": {},
    "labels": {
      "deployment-tool": "cli-firebase"
    },
    "serviceAccount": null,
    "ingressSettings": null,
    "availableMemoryMb": null,
    "timeoutSeconds": null,
    "maxInstances": null,
    "minInstances": null,
    "concurrency": 80,
    "vpc": null,
    "environmentVariables": {
      "FIREBASE_CONFIG": "{\"projectId\":\"momentum-app-prod-1e870\",\"storageBucket\":\"momentum-app-prod-1e870.firebasestorage.app\"}",
      "GCLOUD_PROJECT": "momentum-app-prod-1e870",
      "EVENTARC_CLOUD_EVENT_SOURCE": "projects/momentum-app-prod-1e870/locations/us-central1/services/finalizeBattle"
    },
    "codebase": "default",
    "cpu": 1,
    "targetedByOnly": false,
    "hash": "54376879a99dc6dc8cad15a41730a3aa144c992e"
  },
  "op": "create",
  "original": {
    "name": "FirebaseError",
    "children": [],
    "exit": 1,
    "message": "Build failed with status: FAILURE. Could not build the function due to a missing permission on the build service account. If you didn't revoke that permission explicitly, this could be caused by a change in the organization policies. Please refer to the following documentation for more details and resolution: https://cloud.google.com/functions/docs/troubleshooting#build-service-account\n You can also view the logs at https://console.cloud.google.com/cloud-build/builds;region=us-central1/ac2caef3-2f56-40fc-8876-df9aade0eaaa?project=727032784711.\n",
    "original": {
      "code": 3,
      "message": "Build failed with status: FAILURE. Could not build the function due to a missing permission on the build service account. If you didn't revoke that permission explicitly, this could be caused by a change in the organization policies. Please refer to the following documentation for more details and resolution: https://cloud.google.com/functions/docs/troubleshooting#build-service-account\n You can also view the logs at https://console.cloud.google.com/cloud-build/builds;region=us-central1/ac2caef3-2f56-40fc-8876-df9aade0eaaa?project=727032784711.\n"
    },
    "status": 3,
    "code": 3
  }
}
[debug] [2026-06-13T10:25:03.113Z] Error: Failed to create function finalizeBattle in region us-central1
    at /Users/bruton/.nvm/versions/node/v20.20.0/lib/node_modules/firebase-tools/lib/deploy/functions/release/fabricator.js:319:27
    at process.processTicksAndRejections (node:internal/process/task_queues:95:5)
    at async Fabricator.createV2Function (/Users/bruton/.nvm/versions/node/v20.20.0/lib/node_modules/firebase-tools/lib/deploy/functions/release/fabricator.js:298:30)
    at async Fabricator.createEndpoint (/Users/bruton/.nvm/versions/node/v20.20.0/lib/node_modules/firebase-tools/lib/deploy/functions/release/fabricator.js:140:13)
    at async handle (/Users/bruton/.nvm/versions/node/v20.20.0/lib/node_modules/firebase-tools/lib/deploy/functions/release/fabricator.js:92:17)
[error] 
[error] Error: There was an error deploying functions
[debug] [2026-06-13T10:37:40.260Z] ----------------------------------------------------------------------
[debug] [2026-06-13T10:37:40.266Z] Command:       /Users/bruton/.nvm/versions/node/v20.20.0/bin/node /Users/bruton/.nvm/versions/node/v20.20.0/bin/firebase deploy --only functions
[debug] [2026-06-13T10:37:40.266Z] CLI Version:   15.13.0
[debug] [2026-06-13T10:37:40.266Z] Platform:      darwin
[debug] [2026-06-13T10:37:40.266Z] Node Version:  v20.20.0
[debug] [2026-06-13T10:37:40.266Z] Time:          Sat Jun 13 2026 06:37:40 GMT-0400 (Eastern Daylight Time)
[debug] [2026-06-13T10:37:40.266Z] ----------------------------------------------------------------------
[debug] 
[debug] [2026-06-13T10:37:41.042Z] > command requires scopes: ["email","openid","https://www.googleapis.com/auth/cloudplatformprojects.readonly","https://www.googleapis.com/auth/firebase","https://www.googleapis.com/auth/cloud-platform"]
[debug] [2026-06-13T10:37:41.043Z] > authorizing via signed-in user (alphonsob@momentumappsports.co)
[debug] [2026-06-13T10:37:41.043Z] [iam] checking project momentum-app-prod-1e870 for permissions ["cloudfunctions.functions.create","cloudfunctions.functions.delete","cloudfunctions.functions.get","cloudfunctions.functions.list","cloudfunctions.functions.update","cloudfunctions.operations.get","firebase.projects.get"]
[debug] [2026-06-13T10:37:41.043Z] Checked if tokens are valid: true, expires at: 1781349509064
[debug] [2026-06-13T10:37:41.043Z] Checked if tokens are valid: true, expires at: 1781349509064
[debug] [2026-06-13T10:37:41.044Z] >>> [apiv2][query] POST https://cloudresourcemanager.googleapis.com/v1/projects/momentum-app-prod-1e870:testIamPermissions [none]
[debug] [2026-06-13T10:37:41.044Z] >>> [apiv2][(partial)header] POST https://cloudresourcemanager.googleapis.com/v1/projects/momentum-app-prod-1e870:testIamPermissions  x-goog-user-project=momentum-app-prod-1e870
[debug] [2026-06-13T10:37:41.044Z] >>> [apiv2][body] POST https://cloudresourcemanager.googleapis.com/v1/projects/momentum-app-prod-1e870:testIamPermissions {"permissions":["cloudfunctions.functions.create","cloudfunctions.functions.delete","cloudfunctions.functions.get","cloudfunctions.functions.list","cloudfunctions.functions.update","cloudfunctions.operations.get","firebase.projects.get"]}
[debug] [2026-06-13T10:37:41.276Z] <<< [apiv2][status] POST https://cloudresourcemanager.googleapis.com/v1/projects/momentum-app-prod-1e870:testIamPermissions 200
[debug] [2026-06-13T10:37:41.276Z] <<< [apiv2][body] POST https://cloudresourcemanager.googleapis.com/v1/projects/momentum-app-prod-1e870:testIamPermissions {"permissions":["cloudfunctions.functions.create","cloudfunctions.functions.delete","cloudfunctions.functions.get","cloudfunctions.functions.list","cloudfunctions.functions.update","cloudfunctions.operations.get","firebase.projects.get"]}
[debug] [2026-06-13T10:37:41.276Z] Checked if tokens are valid: true, expires at: 1781349509064
[debug] [2026-06-13T10:37:41.277Z] Checked if tokens are valid: true, expires at: 1781349509064
[debug] [2026-06-13T10:37:41.277Z] >>> [apiv2][query] POST https://iam.googleapis.com/v1/projects/momentum-app-prod-1e870/serviceAccounts/momentum-app-prod-1e870@appspot.gserviceaccount.com:testIamPermissions [none]
[debug] [2026-06-13T10:37:41.277Z] >>> [apiv2][body] POST https://iam.googleapis.com/v1/projects/momentum-app-prod-1e870/serviceAccounts/momentum-app-prod-1e870@appspot.gserviceaccount.com:testIamPermissions {"permissions":["iam.serviceAccounts.actAs"]}
[debug] [2026-06-13T10:37:41.532Z] <<< [apiv2][status] POST https://iam.googleapis.com/v1/projects/momentum-app-prod-1e870/serviceAccounts/momentum-app-prod-1e870@appspot.gserviceaccount.com:testIamPermissions 200
[debug] [2026-06-13T10:37:41.532Z] <<< [apiv2][body] POST https://iam.googleapis.com/v1/projects/momentum-app-prod-1e870/serviceAccounts/momentum-app-prod-1e870@appspot.gserviceaccount.com:testIamPermissions {"permissions":["iam.serviceAccounts.actAs"]}
[info] 
[info] === Deploying to 'momentum-app-prod-1e870'...
[info] 
[info] i  deploying functions 
[info] Running command: npm --prefix "$RESOURCE_DIR" run build
[info] ✔  functions: Finished running predeploy script. 
[debug] [2026-06-13T10:37:42.478Z] Checked if tokens are valid: true, expires at: 1781349509064
[debug] [2026-06-13T10:37:42.478Z] Checked if tokens are valid: true, expires at: 1781349509064
[debug] [2026-06-13T10:37:42.478Z] >>> [apiv2][query] GET https://cloudresourcemanager.googleapis.com/v1/projects/momentum-app-prod-1e870 [none]
[debug] [2026-06-13T10:37:42.584Z] <<< [apiv2][status] GET https://cloudresourcemanager.googleapis.com/v1/projects/momentum-app-prod-1e870 200
[debug] [2026-06-13T10:37:42.584Z] <<< [apiv2][body] GET https://cloudresourcemanager.googleapis.com/v1/projects/momentum-app-prod-1e870 {"projectNumber":"727032784711","projectId":"momentum-app-prod-1e870","lifecycleState":"ACTIVE","name":"momentum-app-prod","labels":{"firebase":"enabled","firebase-core":"disabled"},"createTime":"2026-04-29T01:29:10.653Z","parent":{"type":"organization","id":"454234975642"}}
[info] i  functions: preparing codebase default for deployment 
[info] i  functions: ensuring required API cloudfunctions.googleapis.com is enabled... 
[info] i  functions: ensuring required API cloudbuild.googleapis.com is enabled... 
[info] i  artifactregistry: ensuring required API artifactregistry.googleapis.com is enabled... 
[debug] [2026-06-13T10:37:42.585Z] Checked if tokens are valid: true, expires at: 1781349509064
[debug] [2026-06-13T10:37:42.585Z] Checked if tokens are valid: true, expires at: 1781349509064
[debug] [2026-06-13T10:37:42.585Z] >>> [apiv2][query] GET https://firebase.googleapis.com/v1beta1/projects/momentum-app-prod-1e870/adminSdkConfig [none]
[debug] [2026-06-13T10:37:43.096Z] <<< [apiv2][status] GET https://firebase.googleapis.com/v1beta1/projects/momentum-app-prod-1e870/adminSdkConfig 200
[debug] [2026-06-13T10:37:43.096Z] <<< [apiv2][body] GET https://firebase.googleapis.com/v1beta1/projects/momentum-app-prod-1e870/adminSdkConfig {"projectId":"momentum-app-prod-1e870","storageBucket":"momentum-app-prod-1e870.firebasestorage.app"}
[debug] [2026-06-13T10:37:43.097Z] Checked if tokens are valid: true, expires at: 1781349509064
[debug] [2026-06-13T10:37:43.097Z] Checked if tokens are valid: true, expires at: 1781349509064
[debug] [2026-06-13T10:37:43.097Z] >>> [apiv2][query] GET https://runtimeconfig.googleapis.com/v1beta1/projects/momentum-app-prod-1e870/configs [none]
[debug] [2026-06-13T10:37:43.568Z] <<< [apiv2][status] GET https://runtimeconfig.googleapis.com/v1beta1/projects/momentum-app-prod-1e870/configs 200
[debug] [2026-06-13T10:37:43.568Z] <<< [apiv2][body] GET https://runtimeconfig.googleapis.com/v1beta1/projects/momentum-app-prod-1e870/configs {}
[debug] [2026-06-13T10:37:43.569Z] Validating nodejs source
[warn] ⚠  functions: Runtime Node.js 20 was deprecated on 2026-04-30 and will be decommissioned on 2026-10-30, after which you will not be able to deploy without upgrading. Consider upgrading now to avoid disruption. See https://cloud.google.com/functions/docs/runtime-support for full details on the lifecycle policy 
[warn] ⚠  functions: package.json indicates an outdated version of firebase-functions. Please upgrade using npm install --save firebase-functions@latest in your functions directory. 
[warn] ⚠  functions: Please note that there will be breaking changes when you upgrade. 
[debug] [2026-06-13T10:37:43.976Z] > [functions] package.json contents: {
  "name": "functions",
  "description": "Cloud Functions for Momentum MVP",
  "private": true,
  "main": "lib/index.js",
  "engines": {
    "node": "20"
  },
  "scripts": {
    "build": "tsc -p tsconfig.json",
    "build:watch": "tsc -p tsconfig.json --watch",
    "serve": "npm run build && firebase emulators:start --only functions",
    "shell": "npm run build && firebase functions:shell",
    "deploy": "firebase deploy --only functions",
    "logs": "firebase functions:log"
  },
  "dependencies": {
    "firebase-admin": "^12.0.0",
    "firebase-functions": "^5.0.0"
  },
  "devDependencies": {
    "@types/node": "^20.11.0",
    "typescript": "^5.3.3"
  }
}
[debug] [2026-06-13T10:37:43.976Z] Building nodejs source
[info] i  functions: Loading and analyzing source code for codebase default to determine what to deploy 
[debug] [2026-06-13T10:37:43.976Z] Could not find functions.yaml. Must use http discovery
[debug] [2026-06-13T10:37:43.981Z] Found firebase-functions binary at '/Users/bruton/Documents/Momentum-MVP/functions/node_modules/.bin/firebase-functions'
[info] Serving at port 8596

[debug] [2026-06-13T10:37:44.239Z] Got response from /__/functions.yaml {"endpoints":{"finalizeBattle":{"availableMemoryMb":null,"timeoutSeconds":null,"minInstances":null,"maxInstances":null,"ingressSettings":null,"concurrency":null,"serviceAccountEmail":null,"vpc":null,"platform":"gcfv2","region":["us-central1"],"labels":{},"callableTrigger":{},"entryPoint":"finalizeBattle"}},"specVersion":"v1alpha1","requiredAPIs":[],"extensions":{}}
[info] i  extensions: ensuring required API firebaseextensions.googleapis.com is enabled... 
[debug] [2026-06-13T10:37:48.254Z] > command requires scopes: ["email","openid","https://www.googleapis.com/auth/cloudplatformprojects.readonly","https://www.googleapis.com/auth/firebase","https://www.googleapis.com/auth/cloud-platform"]
[debug] [2026-06-13T10:37:48.255Z] > authorizing via signed-in user (alphonsob@momentumappsports.co)
[debug] [2026-06-13T10:37:48.255Z] [iam] checking project momentum-app-prod-1e870 for permissions ["firebase.projects.get","firebaseextensions.instances.list"]
[debug] [2026-06-13T10:37:48.255Z] Checked if tokens are valid: true, expires at: 1781349509064
[debug] [2026-06-13T10:37:48.255Z] Checked if tokens are valid: true, expires at: 1781349509064
[debug] [2026-06-13T10:37:48.255Z] >>> [apiv2][query] POST https://cloudresourcemanager.googleapis.com/v1/projects/momentum-app-prod-1e870:testIamPermissions [none]
[debug] [2026-06-13T10:37:48.255Z] >>> [apiv2][(partial)header] POST https://cloudresourcemanager.googleapis.com/v1/projects/momentum-app-prod-1e870:testIamPermissions  x-goog-user-project=momentum-app-prod-1e870
[debug] [2026-06-13T10:37:48.255Z] >>> [apiv2][body] POST https://cloudresourcemanager.googleapis.com/v1/projects/momentum-app-prod-1e870:testIamPermissions {"permissions":["firebase.projects.get","firebaseextensions.instances.list"]}
[debug] [2026-06-13T10:37:48.469Z] <<< [apiv2][status] POST https://cloudresourcemanager.googleapis.com/v1/projects/momentum-app-prod-1e870:testIamPermissions 200
[debug] [2026-06-13T10:37:48.469Z] <<< [apiv2][body] POST https://cloudresourcemanager.googleapis.com/v1/projects/momentum-app-prod-1e870:testIamPermissions {"permissions":["firebase.projects.get","firebaseextensions.instances.list"]}
[debug] [2026-06-13T10:37:48.469Z] Checked if tokens are valid: true, expires at: 1781349509064
[debug] [2026-06-13T10:37:48.469Z] Checked if tokens are valid: true, expires at: 1781349509064
[debug] [2026-06-13T10:37:48.469Z] >>> [apiv2][query] GET https://firebaseextensions.googleapis.com/v1beta/projects/momentum-app-prod-1e870/instances pageSize=100&pageToken=
[debug] [2026-06-13T10:37:49.032Z] <<< [apiv2][status] GET https://firebaseextensions.googleapis.com/v1beta/projects/momentum-app-prod-1e870/instances 200
[debug] [2026-06-13T10:37:49.032Z] <<< [apiv2][body] GET https://firebaseextensions.googleapis.com/v1beta/projects/momentum-app-prod-1e870/instances {}
[info] i  functions: preparing functions directory for uploading... 
[info] i  functions: packaged /Users/bruton/Documents/Momentum-MVP/functions (36.13 KB) for uploading 
[debug] [2026-06-13T10:37:49.056Z] Checked if tokens are valid: true, expires at: 1781349509064
[debug] [2026-06-13T10:37:49.056Z] Checked if tokens are valid: true, expires at: 1781349509064
[debug] [2026-06-13T10:37:49.056Z] >>> [apiv2][query] GET https://cloudfunctions.googleapis.com/v1/projects/momentum-app-prod-1e870/locations/-/functions [none]
[debug] [2026-06-13T10:37:49.734Z] <<< [apiv2][status] GET https://cloudfunctions.googleapis.com/v1/projects/momentum-app-prod-1e870/locations/-/functions 200
[debug] [2026-06-13T10:37:49.734Z] <<< [apiv2][body] GET https://cloudfunctions.googleapis.com/v1/projects/momentum-app-prod-1e870/locations/-/functions {}
[debug] [2026-06-13T10:37:49.735Z] Checked if tokens are valid: true, expires at: 1781349509064
[debug] [2026-06-13T10:37:49.735Z] Checked if tokens are valid: true, expires at: 1781349509064
[debug] [2026-06-13T10:37:49.735Z] >>> [apiv2][query] GET https://cloudfunctions.googleapis.com/v2/projects/momentum-app-prod-1e870/locations/-/functions filter=environment%3D%22GEN_2%22
[debug] [2026-06-13T10:37:50.160Z] <<< [apiv2][status] GET https://cloudfunctions.googleapis.com/v2/projects/momentum-app-prod-1e870/locations/-/functions 200
[debug] [2026-06-13T10:37:50.160Z] <<< [apiv2][body] GET https://cloudfunctions.googleapis.com/v2/projects/momentum-app-prod-1e870/locations/-/functions {"functions":[{"name":"projects/momentum-app-prod-1e870/locations/us-central1/functions/finalizeBattle","buildConfig":{"build":"projects/727032784711/locations/us-central1/builds/ac2caef3-2f56-40fc-8876-df9aade0eaaa","runtime":"nodejs20","entryPoint":"finalizeBattle","source":{"storageSource":{"bucket":"gcf-v2-sources-727032784711-us-central1","object":"finalizeBattle/function-source.zip","generation":"1781346048423180"}},"environmentVariables":{"GOOGLE_NODE_RUN_SCRIPTS":""},"dockerRepository":"projects/momentum-app-prod-1e870/locations/us-central1/repositories/gcf-artifacts","sourceProvenance":{"resolvedStorageSource":{"bucket":"gcf-v2-sources-727032784711-us-central1","object":"finalizeBattle/function-source.zip","generation":"1781346048423180"}},"dockerRegistry":"ARTIFACT_REGISTRY","serviceAccount":"projects/momentum-app-prod-1e870/serviceAccounts/727032784711-compute@developer.gserviceaccount.com","automaticUpdatePolicy":{}},"state":"FAILED","updateTime":"2026-06-13T10:22:05.828379336Z","labels":{"deployment-callable":"true","firebase-functions-hash":"54376879a99dc6dc8cad15a41730a3aa144c992e","deployment-tool":"cli-firebase"},"stateMessages":[{"severity":"ERROR","type":"CloudRunServiceNotFound","message":"Cloud Run service projects/momentum-app-prod-1e870/locations/us-central1/services/finalizebattle for the function was not found. The function will not work correctly. Please redeploy."}],"environment":"GEN_2","url":"https://us-central1-momentum-app-prod-1e870.cloudfunctions.net/finalizeBattle","createTime":"2026-06-13T10:20:49.177044627Z","satisfiesPzi":true}]}
[info] i  functions: ensuring required API run.googleapis.com is enabled... 
[info] i  functions: ensuring required API eventarc.googleapis.com is enabled... 
[info] i  functions: ensuring required API pubsub.googleapis.com is enabled... 
[info] i  functions: ensuring required API storage.googleapis.com is enabled... 
[info] i  functions: generating the service identity for pubsub.googleapis.com... 
[debug] [2026-06-13T10:37:50.162Z] Checked if tokens are valid: true, expires at: 1781349509064
[debug] [2026-06-13T10:37:50.162Z] Checked if tokens are valid: true, expires at: 1781349509064
[info] i  functions: generating the service identity for eventarc.googleapis.com... 
[debug] [2026-06-13T10:37:50.162Z] Checked if tokens are valid: true, expires at: 1781349509064
[debug] [2026-06-13T10:37:50.163Z] Checked if tokens are valid: true, expires at: 1781349509064
[debug] [2026-06-13T10:37:50.163Z] >>> [apiv2][query] POST https://serviceusage.googleapis.com/v1beta1/projects/727032784711/services/pubsub.googleapis.com:generateServiceIdentity [none]
[debug] [2026-06-13T10:37:50.163Z] >>> [apiv2][(partial)header] POST https://serviceusage.googleapis.com/v1beta1/projects/727032784711/services/pubsub.googleapis.com:generateServiceIdentity  x-goog-user-project=727032784711
[debug] [2026-06-13T10:37:50.163Z] >>> [apiv2][body] POST https://serviceusage.googleapis.com/v1beta1/projects/727032784711/services/pubsub.googleapis.com:generateServiceIdentity {}
[debug] [2026-06-13T10:37:50.164Z] >>> [apiv2][query] POST https://serviceusage.googleapis.com/v1beta1/projects/727032784711/services/eventarc.googleapis.com:generateServiceIdentity [none]
[debug] [2026-06-13T10:37:50.164Z] >>> [apiv2][(partial)header] POST https://serviceusage.googleapis.com/v1beta1/projects/727032784711/services/eventarc.googleapis.com:generateServiceIdentity  x-goog-user-project=727032784711
[debug] [2026-06-13T10:37:50.164Z] >>> [apiv2][body] POST https://serviceusage.googleapis.com/v1beta1/projects/727032784711/services/eventarc.googleapis.com:generateServiceIdentity {}
[debug] [2026-06-13T10:37:50.614Z] <<< [apiv2][status] POST https://serviceusage.googleapis.com/v1beta1/projects/727032784711/services/pubsub.googleapis.com:generateServiceIdentity 200
[debug] [2026-06-13T10:37:50.614Z] <<< [apiv2][body] POST https://serviceusage.googleapis.com/v1beta1/projects/727032784711/services/pubsub.googleapis.com:generateServiceIdentity {"name":"operations/finished.DONE_OPERATION","done":true,"response":{"@type":"type.googleapis.com/google.api.serviceusage.v1beta1.ServiceIdentity","email":"service-727032784711@gcp-sa-pubsub.iam.gserviceaccount.com","uniqueId":"112420985426025822239"}}
[debug] [2026-06-13T10:37:50.622Z] <<< [apiv2][status] POST https://serviceusage.googleapis.com/v1beta1/projects/727032784711/services/eventarc.googleapis.com:generateServiceIdentity 200
[debug] [2026-06-13T10:37:50.623Z] <<< [apiv2][body] POST https://serviceusage.googleapis.com/v1beta1/projects/727032784711/services/eventarc.googleapis.com:generateServiceIdentity {"name":"operations/finished.DONE_OPERATION","done":true,"response":{"@type":"type.googleapis.com/google.api.serviceusage.v1beta1.ServiceIdentity","email":"service-727032784711@gcp-sa-eventarc.iam.gserviceaccount.com","uniqueId":"102562856229891711614"}}
[debug] [2026-06-13T10:37:50.624Z] Checked if tokens are valid: true, expires at: 1781349509064
[debug] [2026-06-13T10:37:50.624Z] Checked if tokens are valid: true, expires at: 1781349509064
[debug] [2026-06-13T10:37:50.624Z] >>> [apiv2][query] GET https://cloudresourcemanager.googleapis.com/v1/projects/momentum-app-prod-1e870 [none]
[debug] [2026-06-13T10:37:50.753Z] <<< [apiv2][status] GET https://cloudresourcemanager.googleapis.com/v1/projects/momentum-app-prod-1e870 200
[debug] [2026-06-13T10:37:50.753Z] <<< [apiv2][body] GET https://cloudresourcemanager.googleapis.com/v1/projects/momentum-app-prod-1e870 {"projectNumber":"727032784711","projectId":"momentum-app-prod-1e870","lifecycleState":"ACTIVE","name":"momentum-app-prod","labels":{"firebase":"enabled","firebase-core":"disabled"},"createTime":"2026-04-29T01:29:10.653Z","parent":{"type":"organization","id":"454234975642"}}
[debug] [2026-06-13T10:37:50.753Z] Checked if tokens are valid: true, expires at: 1781349509064
[debug] [2026-06-13T10:37:50.753Z] Checked if tokens are valid: true, expires at: 1781349509064
[debug] [2026-06-13T10:37:50.753Z] >>> [apiv2][query] GET https://compute.googleapis.com/compute/v1/projects/727032784711 [none]
[debug] [2026-06-13T10:37:50.971Z] <<< [apiv2][status] GET https://compute.googleapis.com/compute/v1/projects/727032784711 403
[debug] [2026-06-13T10:37:50.971Z] <<< [apiv2][body] GET https://compute.googleapis.com/compute/v1/projects/727032784711 {"error":{"code":403,"message":"Compute Engine API has not been used in project 727032784711 before or it is disabled. Enable it by visiting https://console.developers.google.com/apis/api/compute.googleapis.com/overview?project=727032784711 then retry. If you enabled this API recently, wait a few minutes for the action to propagate to our systems and retry.","errors":[{"message":"Compute Engine API has not been used in project 727032784711 before or it is disabled. Enable it by visiting https://console.developers.google.com/apis/api/compute.googleapis.com/overview?project=727032784711 then retry. If you enabled this API recently, wait a few minutes for the action to propagate to our systems and retry.","domain":"usageLimits","reason":"accessNotConfigured","extendedHelp":"https://console.developers.google.com"}],"status":"PERMISSION_DENIED","details":[{"@type":"type.googleapis.com/google.rpc.ErrorInfo","reason":"SERVICE_DISABLED","domain":"googleapis.com","metadata":{"service":"compute.googleapis.com","consumer":"projects/727032784711","containerInfo":"727032784711","activationUrl":"https://console.developers.google.com/apis/api/compute.googleapis.com/overview?project=727032784711","serviceTitle":"Compute Engine API"}},{"@type":"type.googleapis.com/google.rpc.LocalizedMessage","locale":"en-US","message":"Compute Engine API has not been used in project 727032784711 before or it is disabled. Enable it by visiting https://console.developers.google.com/apis/api/compute.googleapis.com/overview?project=727032784711 then retry. If you enabled this API recently, wait a few minutes for the action to propagate to our systems and retry."},{"@type":"type.googleapis.com/google.rpc.Help","links":[{"description":"Google developers console API activation","url":"https://console.developers.google.com/apis/api/compute.googleapis.com/overview?project=727032784711"}]}]}}
[debug] [2026-06-13T10:37:50.972Z] unable to look up default compute service account. Falling back to 727032784711-compute@developer.gserviceaccount.com. Error: {"name":"FirebaseError","children":[],"context":{"body":{"error":{"code":403,"message":"Compute Engine API has not been used in project 727032784711 before or it is disabled. Enable it by visiting https://console.developers.google.com/apis/api/compute.googleapis.com/overview?project=727032784711 then retry. If you enabled this API recently, wait a few minutes for the action to propagate to our systems and retry.","errors":[{"message":"Compute Engine API has not been used in project 727032784711 before or it is disabled. Enable it by visiting https://console.developers.google.com/apis/api/compute.googleapis.com/overview?project=727032784711 then retry. If you enabled this API recently, wait a few minutes for the action to propagate to our systems and retry.","domain":"usageLimits","reason":"accessNotConfigured","extendedHelp":"https://console.developers.google.com"}],"status":"PERMISSION_DENIED","details":[{"@type":"type.googleapis.com/google.rpc.ErrorInfo","reason":"SERVICE_DISABLED","domain":"googleapis.com","metadata":{"service":"compute.googleapis.com","consumer":"projects/727032784711","containerInfo":"727032784711","activationUrl":"https://console.developers.google.com/apis/api/compute.googleapis.com/overview?project=727032784711","serviceTitle":"Compute Engine API"}},{"@type":"type.googleapis.com/google.rpc.LocalizedMessage","locale":"en-US","message":"Compute Engine API has not been used in project 727032784711 before or it is disabled. Enable it by visiting https://console.developers.google.com/apis/api/compute.googleapis.com/overview?project=727032784711 then retry. If you enabled this API recently, wait a few minutes for the action to propagate to our systems and retry."},{"@type":"type.googleapis.com/google.rpc.Help","links":[{"description":"Google developers console API activation","url":"https://console.developers.google.com/apis/api/compute.googleapis.com/overview?project=727032784711"}]}]}},"response":{"statusCode":403}},"exit":1,"message":"Request to https://compute.googleapis.com/compute/v1/projects/727032784711 had HTTP Error: 403, Compute Engine API has not been used in project 727032784711 before or it is disabled. Enable it by visiting https://console.developers.google.com/apis/api/compute.googleapis.com/overview?project=727032784711 then retry. If you enabled this API recently, wait a few minutes for the action to propagate to our systems and retry.","status":403}
[debug] [2026-06-13T10:37:50.972Z] Checked if tokens are valid: true, expires at: 1781349509064
[debug] [2026-06-13T10:37:50.972Z] Checked if tokens are valid: true, expires at: 1781349509064
[debug] [2026-06-13T10:37:50.972Z] >>> [apiv2][query] GET https://compute.googleapis.com/compute/v1/projects/727032784711 [none]
[debug] [2026-06-13T10:37:51.067Z] <<< [apiv2][status] GET https://compute.googleapis.com/compute/v1/projects/727032784711 403
[debug] [2026-06-13T10:37:51.067Z] <<< [apiv2][body] GET https://compute.googleapis.com/compute/v1/projects/727032784711 {"error":{"code":403,"message":"Compute Engine API has not been used in project 727032784711 before or it is disabled. Enable it by visiting https://console.developers.google.com/apis/api/compute.googleapis.com/overview?project=727032784711 then retry. If you enabled this API recently, wait a few minutes for the action to propagate to our systems and retry.","errors":[{"message":"Compute Engine API has not been used in project 727032784711 before or it is disabled. Enable it by visiting https://console.developers.google.com/apis/api/compute.googleapis.com/overview?project=727032784711 then retry. If you enabled this API recently, wait a few minutes for the action to propagate to our systems and retry.","domain":"usageLimits","reason":"accessNotConfigured","extendedHelp":"https://console.developers.google.com"}],"status":"PERMISSION_DENIED","details":[{"@type":"type.googleapis.com/google.rpc.ErrorInfo","reason":"SERVICE_DISABLED","domain":"googleapis.com","metadata":{"activationUrl":"https://console.developers.google.com/apis/api/compute.googleapis.com/overview?project=727032784711","service":"compute.googleapis.com","containerInfo":"727032784711","consumer":"projects/727032784711","serviceTitle":"Compute Engine API"}},{"@type":"type.googleapis.com/google.rpc.LocalizedMessage","locale":"en-US","message":"Compute Engine API has not been used in project 727032784711 before or it is disabled. Enable it by visiting https://console.developers.google.com/apis/api/compute.googleapis.com/overview?project=727032784711 then retry. If you enabled this API recently, wait a few minutes for the action to propagate to our systems and retry."},{"@type":"type.googleapis.com/google.rpc.Help","links":[{"description":"Google developers console API activation","url":"https://console.developers.google.com/apis/api/compute.googleapis.com/overview?project=727032784711"}]}]}}
[debug] [2026-06-13T10:37:51.067Z] unable to look up default compute service account. Falling back to 727032784711-compute@developer.gserviceaccount.com. Error: {"name":"FirebaseError","children":[],"context":{"body":{"error":{"code":403,"message":"Compute Engine API has not been used in project 727032784711 before or it is disabled. Enable it by visiting https://console.developers.google.com/apis/api/compute.googleapis.com/overview?project=727032784711 then retry. If you enabled this API recently, wait a few minutes for the action to propagate to our systems and retry.","errors":[{"message":"Compute Engine API has not been used in project 727032784711 before or it is disabled. Enable it by visiting https://console.developers.google.com/apis/api/compute.googleapis.com/overview?project=727032784711 then retry. If you enabled this API recently, wait a few minutes for the action to propagate to our systems and retry.","domain":"usageLimits","reason":"accessNotConfigured","extendedHelp":"https://console.developers.google.com"}],"status":"PERMISSION_DENIED","details":[{"@type":"type.googleapis.com/google.rpc.ErrorInfo","reason":"SERVICE_DISABLED","domain":"googleapis.com","metadata":{"activationUrl":"https://console.developers.google.com/apis/api/compute.googleapis.com/overview?project=727032784711","service":"compute.googleapis.com","containerInfo":"727032784711","consumer":"projects/727032784711","serviceTitle":"Compute Engine API"}},{"@type":"type.googleapis.com/google.rpc.LocalizedMessage","locale":"en-US","message":"Compute Engine API has not been used in project 727032784711 before or it is disabled. Enable it by visiting https://console.developers.google.com/apis/api/compute.googleapis.com/overview?project=727032784711 then retry. If you enabled this API recently, wait a few minutes for the action to propagate to our systems and retry."},{"@type":"type.googleapis.com/google.rpc.Help","links":[{"description":"Google developers console API activation","url":"https://console.developers.google.com/apis/api/compute.googleapis.com/overview?project=727032784711"}]}]}},"response":{"statusCode":403}},"exit":1,"message":"Request to https://compute.googleapis.com/compute/v1/projects/727032784711 had HTTP Error: 403, Compute Engine API has not been used in project 727032784711 before or it is disabled. Enable it by visiting https://console.developers.google.com/apis/api/compute.googleapis.com/overview?project=727032784711 then retry. If you enabled this API recently, wait a few minutes for the action to propagate to our systems and retry.","status":403}
[debug] [2026-06-13T10:37:51.068Z] Checked if tokens are valid: true, expires at: 1781349509064
[debug] [2026-06-13T10:37:51.068Z] Checked if tokens are valid: true, expires at: 1781349509064
[debug] [2026-06-13T10:37:51.068Z] >>> [apiv2][query] GET https://cloudbilling.googleapis.com/v1/projects/momentum-app-prod-1e870/billingInfo [none]
[debug] [2026-06-13T10:37:51.331Z] <<< [apiv2][status] GET https://cloudbilling.googleapis.com/v1/projects/momentum-app-prod-1e870/billingInfo 200
[debug] [2026-06-13T10:37:51.331Z] <<< [apiv2][body] GET https://cloudbilling.googleapis.com/v1/projects/momentum-app-prod-1e870/billingInfo {"name":"projects/momentum-app-prod-1e870/billingInfo","projectId":"momentum-app-prod-1e870","billingAccountName":"billingAccounts/018413-FB3B6A-A9B3E4","billingEnabled":true}
[debug] [2026-06-13T10:37:51.333Z] Checked if tokens are valid: true, expires at: 1781349509064
[debug] [2026-06-13T10:37:51.333Z] Checked if tokens are valid: true, expires at: 1781349509064
[debug] [2026-06-13T10:37:51.333Z] >>> [apiv2][query] POST https://cloudfunctions.googleapis.com/v2/projects/momentum-app-prod-1e870/locations/us-central1/functions:generateUploadUrl [none]
[debug] [2026-06-13T10:37:51.701Z] <<< [apiv2][status] POST https://cloudfunctions.googleapis.com/v2/projects/momentum-app-prod-1e870/locations/us-central1/functions:generateUploadUrl 200
[debug] [2026-06-13T10:37:51.701Z] <<< [apiv2][body] POST https://cloudfunctions.googleapis.com/v2/projects/momentum-app-prod-1e870/locations/us-central1/functions:generateUploadUrl {"uploadUrl":"https://storage.googleapis.com/gcf-v2-uploads-727032784711.us-central1.cloudfunctions.appspot.com/acb84168-e22d-41bd-9faa-466063a94022.zip?GoogleAccessId=service-727032784711@gcf-admin-robot.iam.gserviceaccount.com&Expires=1781348871&Signature=BeYrsMhsA%2Bf4RBUjELSFU6R1rdXn2ZREOBWo8gzgo5Z8nI7sZvke4VKHhcs10LwYzuKICG2LQ5hYbyK83ovmawdhh7ekbfqYVnOe9tGMJMKEdxbB4dIWngfsh%2F%2BnkadNpMM2UbO4MqFdJKNBrd1HZobr9SNbx7vU40zk%2FyEodV1e%2FzwuSfY%2BRGDxzsdUZ%2BD4pSOlXtPGPNGPU7ZRwaMPit9AaCumu6AklEHEDWX6q%2FOIc3kALwROn%2BOtJpk0px34G3wC4BZskJmV33QX1dtZoHa6Pv6rsE4YABgNlhRiPtOZCTca%2BKcxZauCLfXck8N231SUES8UndWdX3mcwdCAlQ%3D%3D","storageSource":{"bucket":"gcf-v2-uploads-727032784711.us-central1.cloudfunctions.appspot.com","object":"acb84168-e22d-41bd-9faa-466063a94022.zip"}}
[debug] [2026-06-13T10:37:51.702Z] >>> [apiv2][query] PUT https://storage.googleapis.com/gcf-v2-uploads-727032784711.us-central1.cloudfunctions.appspot.com/acb84168-e22d-41bd-9faa-466063a94022.zip GoogleAccessId=service-727032784711%40gcf-admin-robot.iam.gserviceaccount.com&Expires=1781348871&Signature=BeYrsMhsA%2Bf4RBUjELSFU6R1rdXn2ZREOBWo8gzgo5Z8nI7sZvke4VKHhcs10LwYzuKICG2LQ5hYbyK83ovmawdhh7ekbfqYVnOe9tGMJMKEdxbB4dIWngfsh%2F%2BnkadNpMM2UbO4MqFdJKNBrd1HZobr9SNbx7vU40zk%2FyEodV1e%2FzwuSfY%2BRGDxzsdUZ%2BD4pSOlXtPGPNGPU7ZRwaMPit9AaCumu6AklEHEDWX6q%2FOIc3kALwROn%2BOtJpk0px34G3wC4BZskJmV33QX1dtZoHa6Pv6rsE4YABgNlhRiPtOZCTca%2BKcxZauCLfXck8N231SUES8UndWdX3mcwdCAlQ%3D%3D
[debug] [2026-06-13T10:37:51.702Z] >>> [apiv2][body] PUT https://storage.googleapis.com/gcf-v2-uploads-727032784711.us-central1.cloudfunctions.appspot.com/acb84168-e22d-41bd-9faa-466063a94022.zip [stream]
[debug] [2026-06-13T10:37:52.003Z] <<< [apiv2][status] PUT https://storage.googleapis.com/gcf-v2-uploads-727032784711.us-central1.cloudfunctions.appspot.com/acb84168-e22d-41bd-9faa-466063a94022.zip 200
[debug] [2026-06-13T10:37:52.004Z] <<< [apiv2][body] PUT https://storage.googleapis.com/gcf-v2-uploads-727032784711.us-central1.cloudfunctions.appspot.com/acb84168-e22d-41bd-9faa-466063a94022.zip [omitted]
[info] ✔  functions: functions source uploaded successfully 
[info] i  functions: updating Node.js 20 (2nd Gen) function finalizeBattle(us-central1)... 
[debug] [2026-06-13T10:37:52.014Z] Checked if tokens are valid: true, expires at: 1781349509064
[debug] [2026-06-13T10:37:52.014Z] Checked if tokens are valid: true, expires at: 1781349509064
[debug] [2026-06-13T10:37:52.014Z] >>> [apiv2][query] PATCH https://cloudfunctions.googleapis.com/v2/projects/momentum-app-prod-1e870/locations/us-central1/functions/finalizeBattle updateMask=name%2CbuildConfig.runtime%2CbuildConfig.entryPoint%2CbuildConfig.source.storageSource.bucket%2CbuildConfig.source.storageSource.object%2CbuildConfig.environmentVariables%2CbuildConfig.sourceToken%2CserviceConfig.environmentVariables%2CserviceConfig.ingressSettings%2CserviceConfig.timeoutSeconds%2CserviceConfig.serviceAccountEmail%2CserviceConfig.availableMemory%2CserviceConfig.minInstanceCount%2CserviceConfig.maxInstanceCount%2CserviceConfig.maxInstanceRequestConcurrency%2CserviceConfig.availableCpu%2CserviceConfig.vpcConnector%2CserviceConfig.vpcConnectorEgressSettings%2CserviceConfig.directVpcNetworkInterface%2CserviceConfig.directVpcEgress%2Clabels
[debug] [2026-06-13T10:37:52.014Z] >>> [apiv2][body] PATCH https://cloudfunctions.googleapis.com/v2/projects/momentum-app-prod-1e870/locations/us-central1/functions/finalizeBattle {"name":"projects/momentum-app-prod-1e870/locations/us-central1/functions/finalizeBattle","buildConfig":{"runtime":"nodejs20","entryPoint":"finalizeBattle","source":{"storageSource":{"bucket":"gcf-v2-uploads-727032784711.us-central1.cloudfunctions.appspot.com","object":"acb84168-e22d-41bd-9faa-466063a94022.zip"}},"environmentVariables":{"GOOGLE_NODE_RUN_SCRIPTS":""}},"serviceConfig":{"environmentVariables":{"FIREBASE_CONFIG":"{\"projectId\":\"momentum-app-prod-1e870\",\"storageBucket\":\"momentum-app-prod-1e870.firebasestorage.app\"}","GCLOUD_PROJECT":"momentum-app-prod-1e870","EVENTARC_CLOUD_EVENT_SOURCE":"projects/momentum-app-prod-1e870/locations/us-central1/services/finalizeBattle","FUNCTION_TARGET":"finalizeBattle","LOG_EXECUTION_ID":"true"},"ingressSettings":null,"timeoutSeconds":null,"serviceAccountEmail":null,"availableMemory":"256Mi","minInstanceCount":null,"maxInstanceCount":null,"maxInstanceRequestConcurrency":80,"availableCpu":"1","vpcConnector":null,"vpcConnectorEgressSettings":null,"directVpcNetworkInterface":null,"directVpcEgress":null},"labels":{"deployment-tool":"cli-firebase","deployment-callable":"true","firebase-functions-hash":"54376879a99dc6dc8cad15a41730a3aa144c992e"}}
[debug] [2026-06-13T10:37:53.143Z] <<< [apiv2][status] PATCH https://cloudfunctions.googleapis.com/v2/projects/momentum-app-prod-1e870/locations/us-central1/functions/finalizeBattle 200
[debug] [2026-06-13T10:37:53.143Z] <<< [apiv2][body] PATCH https://cloudfunctions.googleapis.com/v2/projects/momentum-app-prod-1e870/locations/us-central1/functions/finalizeBattle {"name":"projects/momentum-app-prod-1e870/locations/us-central1/operations/operation-1781347072322-654202f77ab98-32f4fb37-f5e6ac79","metadata":{"@type":"type.googleapis.com/google.cloud.functions.v2.OperationMetadata","createTime":"2026-06-13T10:37:53.164875937Z","target":"projects/momentum-app-prod-1e870/locations/us-central1/functions/finalizeBattle","verb":"update","cancelRequested":false,"apiVersion":"v2"},"done":false}
[debug] [2026-06-13T10:37:53.143Z] Checked if tokens are valid: true, expires at: 1781349509064
[debug] [2026-06-13T10:37:53.143Z] Checked if tokens are valid: true, expires at: 1781349509064
[debug] [2026-06-13T10:37:53.143Z] >>> [apiv2][query] GET https://cloudfunctions.googleapis.com/v2/projects/momentum-app-prod-1e870/locations/us-central1/operations/operation-1781347072322-654202f77ab98-32f4fb37-f5e6ac79 [none]
[debug] [2026-06-13T10:37:53.427Z] <<< [apiv2][status] GET https://cloudfunctions.googleapis.com/v2/projects/momentum-app-prod-1e870/locations/us-central1/operations/operation-1781347072322-654202f77ab98-32f4fb37-f5e6ac79 200
[debug] [2026-06-13T10:37:53.428Z] <<< [apiv2][body] GET https://cloudfunctions.googleapis.com/v2/projects/momentum-app-prod-1e870/locations/us-central1/operations/operation-1781347072322-654202f77ab98-32f4fb37-f5e6ac79 {"name":"projects/momentum-app-prod-1e870/locations/us-central1/operations/operation-1781347072322-654202f77ab98-32f4fb37-f5e6ac79","metadata":{"@type":"type.googleapis.com/google.cloud.functions.v2.OperationMetadata","createTime":"2026-06-13T10:37:53.164875937Z","target":"projects/momentum-app-prod-1e870/locations/us-central1/functions/finalizeBattle","verb":"update","cancelRequested":false,"apiVersion":"v2","requestResource":{"@type":"type.googleapis.com/google.cloud.functions.v2.Function","name":"projects/momentum-app-prod-1e870/locations/us-central1/functions/finalizeBattle","buildConfig":{"runtime":"nodejs20","entryPoint":"finalizeBattle","source":{"storageSource":{"bucket":"gcf-v2-sources-727032784711-us-central1","object":"finalizeBattle/function-source.zip","generation":"1781347073110815"}},"environmentVariables":{"GOOGLE_NODE_RUN_SCRIPTS":""},"dockerRepository":"projects/momentum-app-prod-1e870/locations/us-central1/repositories/gcf-artifacts","sourceProvenance":{"resolvedStorageSource":{"bucket":"gcf-v2-sources-727032784711-us-central1","object":"finalizeBattle/function-source.zip","generation":"1781346048423180"}},"dockerRegistry":"ARTIFACT_REGISTRY","serviceAccount":"projects/momentum-app-prod-1e870/serviceAccounts/727032784711-compute@developer.gserviceaccount.com","automaticUpdatePolicy":{}},"serviceConfig":{"service":"projects/momentum-app-prod-1e870/locations/us-central1/services/finalizebattle","timeoutSeconds":60,"environmentVariables":{"FIREBASE_CONFIG":"{\"projectId\":\"momentum-app-prod-1e870\",\"storageBucket\":\"momentum-app-prod-1e870.firebasestorage.app\"}","GCLOUD_PROJECT":"momentum-app-prod-1e870","EVENTARC_CLOUD_EVENT_SOURCE":"projects/momentum-app-prod-1e870/locations/us-central1/services/finalizeBattle","FUNCTION_TARGET":"finalizeBattle","LOG_EXECUTION_ID":"true"},"ingressSettings":"ALLOW_ALL","serviceAccountEmail":"727032784711-compute@developer.gserviceaccount.com","availableMemory":"256Mi","maxInstanceRequestConcurrency":80,"availableCpu":"1"},"state":"FAILED","labels":{"deployment-callable":"true","firebase-functions-hash":"54376879a99dc6dc8cad15a41730a3aa144c992e"},"stateMessages":[{"severity":"ERROR","type":"CloudRunServiceNotFound","message":"Cloud Run service projects/momentum-app-prod-1e870/locations/us-central1/services/finalizebattle for the function was not found. The function will not work correctly. Please redeploy."}],"environment":"GEN_2","url":"https://us-central1-momentum-app-prod-1e870.cloudfunctions.net/finalizeBattle","satisfiesPzi":true},"stages":[{"name":"BUILD","state":"NOT_STARTED","stateMessages":[{"severity":"WARNING","type":"BuildAnalysisWarning","message":"Node.js 20 is no longer supported by the Node.js community as of 30 April, 2026. Runtime nodejs20 is currently deprecated for Cloud Functions. We recommend you to upgrade to the latest version of Node.js as soon as possible."}]},{"name":"SERVICE","state":"NOT_STARTED"}],"operationType":"UPDATE_FUNCTION"},"done":false}
[debug] [2026-06-13T10:37:53.929Z] [update-default-us-central1-finalizeBattle] Retrying task index 0
[debug] [2026-06-13T10:37:53.929Z] Checked if tokens are valid: true, expires at: 1781349509064
[debug] [2026-06-13T10:37:53.929Z] Checked if tokens are valid: true, expires at: 1781349509064
[debug] [2026-06-13T10:37:53.929Z] >>> [apiv2][query] GET https://cloudfunctions.googleapis.com/v2/projects/momentum-app-prod-1e870/locations/us-central1/operations/operation-1781347072322-654202f77ab98-32f4fb37-f5e6ac79 [none]
[debug] [2026-06-13T10:37:54.220Z] <<< [apiv2][status] GET https://cloudfunctions.googleapis.com/v2/projects/momentum-app-prod-1e870/locations/us-central1/operations/operation-1781347072322-654202f77ab98-32f4fb37-f5e6ac79 200
[debug] [2026-06-13T10:37:54.220Z] <<< [apiv2][body] GET https://cloudfunctions.googleapis.com/v2/projects/momentum-app-prod-1e870/locations/us-central1/operations/operation-1781347072322-654202f77ab98-32f4fb37-f5e6ac79 {"name":"projects/momentum-app-prod-1e870/locations/us-central1/operations/operation-1781347072322-654202f77ab98-32f4fb37-f5e6ac79","metadata":{"@type":"type.googleapis.com/google.cloud.functions.v2.OperationMetadata","createTime":"2026-06-13T10:37:53.164875937Z","target":"projects/momentum-app-prod-1e870/locations/us-central1/functions/finalizeBattle","verb":"update","cancelRequested":false,"apiVersion":"v2","requestResource":{"@type":"type.googleapis.com/google.cloud.functions.v2.Function","name":"projects/momentum-app-prod-1e870/locations/us-central1/functions/finalizeBattle","buildConfig":{"runtime":"nodejs20","entryPoint":"finalizeBattle","source":{"storageSource":{"bucket":"gcf-v2-sources-727032784711-us-central1","object":"finalizeBattle/function-source.zip","generation":"1781347073110815"}},"environmentVariables":{"GOOGLE_NODE_RUN_SCRIPTS":""},"dockerRepository":"projects/momentum-app-prod-1e870/locations/us-central1/repositories/gcf-artifacts","sourceProvenance":{"resolvedStorageSource":{"bucket":"gcf-v2-sources-727032784711-us-central1","object":"finalizeBattle/function-source.zip","generation":"1781346048423180"}},"dockerRegistry":"ARTIFACT_REGISTRY","serviceAccount":"projects/momentum-app-prod-1e870/serviceAccounts/727032784711-compute@developer.gserviceaccount.com","automaticUpdatePolicy":{}},"serviceConfig":{"service":"projects/momentum-app-prod-1e870/locations/us-central1/services/finalizebattle","timeoutSeconds":60,"environmentVariables":{"FIREBASE_CONFIG":"{\"projectId\":\"momentum-app-prod-1e870\",\"storageBucket\":\"momentum-app-prod-1e870.firebasestorage.app\"}","GCLOUD_PROJECT":"momentum-app-prod-1e870","EVENTARC_CLOUD_EVENT_SOURCE":"projects/momentum-app-prod-1e870/locations/us-central1/services/finalizeBattle","FUNCTION_TARGET":"finalizeBattle","LOG_EXECUTION_ID":"true"},"ingressSettings":"ALLOW_ALL","serviceAccountEmail":"727032784711-compute@developer.gserviceaccount.com","availableMemory":"256Mi","maxInstanceRequestConcurrency":80,"availableCpu":"1"},"state":"FAILED","labels":{"deployment-callable":"true","firebase-functions-hash":"54376879a99dc6dc8cad15a41730a3aa144c992e"},"stateMessages":[{"severity":"ERROR","type":"CloudRunServiceNotFound","message":"Cloud Run service projects/momentum-app-prod-1e870/locations/us-central1/services/finalizebattle for the function was not found. The function will not work correctly. Please redeploy."}],"environment":"GEN_2","url":"https://us-central1-momentum-app-prod-1e870.cloudfunctions.net/finalizeBattle","satisfiesPzi":true},"stages":[{"name":"BUILD","message":"Build in progress","state":"IN_PROGRESS","resource":"projects/727032784711/locations/us-central1/builds/56abed9c-cd6d-4fab-8959-32382301be35","resourceUri":"https://console.cloud.google.com/cloud-build/builds;region=us-central1/56abed9c-cd6d-4fab-8959-32382301be35?project=727032784711"},{"name":"SERVICE","state":"NOT_STARTED"}],"operationType":"UPDATE_FUNCTION","buildName":"projects/727032784711/locations/us-central1/builds/56abed9c-cd6d-4fab-8959-32382301be35"},"done":false}
[debug] [2026-06-13T10:37:55.221Z] [update-default-us-central1-finalizeBattle] Retrying task index 0
[debug] [2026-06-13T10:37:55.221Z] Checked if tokens are valid: true, expires at: 1781349509064
[debug] [2026-06-13T10:37:55.221Z] Checked if tokens are valid: true, expires at: 1781349509064
[debug] [2026-06-13T10:37:55.221Z] >>> [apiv2][query] GET https://cloudfunctions.googleapis.com/v2/projects/momentum-app-prod-1e870/locations/us-central1/operations/operation-1781347072322-654202f77ab98-32f4fb37-f5e6ac79 [none]
[debug] [2026-06-13T10:37:55.503Z] <<< [apiv2][status] GET https://cloudfunctions.googleapis.com/v2/projects/momentum-app-prod-1e870/locations/us-central1/operations/operation-1781347072322-654202f77ab98-32f4fb37-f5e6ac79 200
[debug] [2026-06-13T10:37:55.503Z] <<< [apiv2][body] GET https://cloudfunctions.googleapis.com/v2/projects/momentum-app-prod-1e870/locations/us-central1/operations/operation-1781347072322-654202f77ab98-32f4fb37-f5e6ac79 {"name":"projects/momentum-app-prod-1e870/locations/us-central1/operations/operation-1781347072322-654202f77ab98-32f4fb37-f5e6ac79","metadata":{"@type":"type.googleapis.com/google.cloud.functions.v2.OperationMetadata","createTime":"2026-06-13T10:37:53.164875937Z","target":"projects/momentum-app-prod-1e870/locations/us-central1/functions/finalizeBattle","verb":"update","cancelRequested":false,"apiVersion":"v2","requestResource":{"@type":"type.googleapis.com/google.cloud.functions.v2.Function","name":"projects/momentum-app-prod-1e870/locations/us-central1/functions/finalizeBattle","buildConfig":{"runtime":"nodejs20","entryPoint":"finalizeBattle","source":{"storageSource":{"bucket":"gcf-v2-sources-727032784711-us-central1","object":"finalizeBattle/function-source.zip","generation":"1781347073110815"}},"environmentVariables":{"GOOGLE_NODE_RUN_SCRIPTS":""},"dockerRepository":"projects/momentum-app-prod-1e870/locations/us-central1/repositories/gcf-artifacts","sourceProvenance":{"resolvedStorageSource":{"bucket":"gcf-v2-sources-727032784711-us-central1","object":"finalizeBattle/function-source.zip","generation":"1781346048423180"}},"dockerRegistry":"ARTIFACT_REGISTRY","serviceAccount":"projects/momentum-app-prod-1e870/serviceAccounts/727032784711-compute@developer.gserviceaccount.com","automaticUpdatePolicy":{}},"serviceConfig":{"service":"projects/momentum-app-prod-1e870/locations/us-central1/services/finalizebattle","timeoutSeconds":60,"environmentVariables":{"FIREBASE_CONFIG":"{\"projectId\":\"momentum-app-prod-1e870\",\"storageBucket\":\"momentum-app-prod-1e870.firebasestorage.app\"}","GCLOUD_PROJECT":"momentum-app-prod-1e870","EVENTARC_CLOUD_EVENT_SOURCE":"projects/momentum-app-prod-1e870/locations/us-central1/services/finalizeBattle","FUNCTION_TARGET":"finalizeBattle","LOG_EXECUTION_ID":"true"},"ingressSettings":"ALLOW_ALL","serviceAccountEmail":"727032784711-compute@developer.gserviceaccount.com","availableMemory":"256Mi","maxInstanceRequestConcurrency":80,"availableCpu":"1"},"state":"FAILED","labels":{"deployment-callable":"true","firebase-functions-hash":"54376879a99dc6dc8cad15a41730a3aa144c992e"},"stateMessages":[{"severity":"ERROR","type":"CloudRunServiceNotFound","message":"Cloud Run service projects/momentum-app-prod-1e870/locations/us-central1/services/finalizebattle for the function was not found. The function will not work correctly. Please redeploy."}],"environment":"GEN_2","url":"https://us-central1-momentum-app-prod-1e870.cloudfunctions.net/finalizeBattle","satisfiesPzi":true},"stages":[{"name":"BUILD","message":"Build in progress","state":"IN_PROGRESS","resource":"projects/727032784711/locations/us-central1/builds/56abed9c-cd6d-4fab-8959-32382301be35","resourceUri":"https://console.cloud.google.com/cloud-build/builds;region=us-central1/56abed9c-cd6d-4fab-8959-32382301be35?project=727032784711"},{"name":"SERVICE","state":"NOT_STARTED"}],"operationType":"UPDATE_FUNCTION","buildName":"projects/727032784711/locations/us-central1/builds/56abed9c-cd6d-4fab-8959-32382301be35"},"done":false}
[debug] [2026-06-13T10:37:57.505Z] [update-default-us-central1-finalizeBattle] Retrying task index 0
[debug] [2026-06-13T10:37:57.505Z] Checked if tokens are valid: true, expires at: 1781349509064
[debug] [2026-06-13T10:37:57.505Z] Checked if tokens are valid: true, expires at: 1781349509064
[debug] [2026-06-13T10:37:57.505Z] >>> [apiv2][query] GET https://cloudfunctions.googleapis.com/v2/projects/momentum-app-prod-1e870/locations/us-central1/operations/operation-1781347072322-654202f77ab98-32f4fb37-f5e6ac79 [none]
[debug] [2026-06-13T10:37:57.798Z] <<< [apiv2][status] GET https://cloudfunctions.googleapis.com/v2/projects/momentum-app-prod-1e870/locations/us-central1/operations/operation-1781347072322-654202f77ab98-32f4fb37-f5e6ac79 200
[debug] [2026-06-13T10:37:57.798Z] <<< [apiv2][body] GET https://cloudfunctions.googleapis.com/v2/projects/momentum-app-prod-1e870/locations/us-central1/operations/operation-1781347072322-654202f77ab98-32f4fb37-f5e6ac79 {"name":"projects/momentum-app-prod-1e870/locations/us-central1/operations/operation-1781347072322-654202f77ab98-32f4fb37-f5e6ac79","metadata":{"@type":"type.googleapis.com/google.cloud.functions.v2.OperationMetadata","createTime":"2026-06-13T10:37:53.164875937Z","target":"projects/momentum-app-prod-1e870/locations/us-central1/functions/finalizeBattle","verb":"update","cancelRequested":false,"apiVersion":"v2","requestResource":{"@type":"type.googleapis.com/google.cloud.functions.v2.Function","name":"projects/momentum-app-prod-1e870/locations/us-central1/functions/finalizeBattle","buildConfig":{"runtime":"nodejs20","entryPoint":"finalizeBattle","source":{"storageSource":{"bucket":"gcf-v2-sources-727032784711-us-central1","object":"finalizeBattle/function-source.zip","generation":"1781347073110815"}},"environmentVariables":{"GOOGLE_NODE_RUN_SCRIPTS":""},"dockerRepository":"projects/momentum-app-prod-1e870/locations/us-central1/repositories/gcf-artifacts","sourceProvenance":{"resolvedStorageSource":{"bucket":"gcf-v2-sources-727032784711-us-central1","object":"finalizeBattle/function-source.zip","generation":"1781346048423180"}},"dockerRegistry":"ARTIFACT_REGISTRY","serviceAccount":"projects/momentum-app-prod-1e870/serviceAccounts/727032784711-compute@developer.gserviceaccount.com","automaticUpdatePolicy":{}},"serviceConfig":{"service":"projects/momentum-app-prod-1e870/locations/us-central1/services/finalizebattle","timeoutSeconds":60,"environmentVariables":{"FIREBASE_CONFIG":"{\"projectId\":\"momentum-app-prod-1e870\",\"storageBucket\":\"momentum-app-prod-1e870.firebasestorage.app\"}","GCLOUD_PROJECT":"momentum-app-prod-1e870","EVENTARC_CLOUD_EVENT_SOURCE":"projects/momentum-app-prod-1e870/locations/us-central1/services/finalizeBattle","FUNCTION_TARGET":"finalizeBattle","LOG_EXECUTION_ID":"true"},"ingressSettings":"ALLOW_ALL","serviceAccountEmail":"727032784711-compute@developer.gserviceaccount.com","availableMemory":"256Mi","maxInstanceRequestConcurrency":80,"availableCpu":"1"},"state":"FAILED","labels":{"deployment-callable":"true","firebase-functions-hash":"54376879a99dc6dc8cad15a41730a3aa144c992e"},"stateMessages":[{"severity":"ERROR","type":"CloudRunServiceNotFound","message":"Cloud Run service projects/momentum-app-prod-1e870/locations/us-central1/services/finalizebattle for the function was not found. The function will not work correctly. Please redeploy."}],"environment":"GEN_2","url":"https://us-central1-momentum-app-prod-1e870.cloudfunctions.net/finalizeBattle","satisfiesPzi":true},"stages":[{"name":"BUILD","message":"Build in progress","state":"IN_PROGRESS","resource":"projects/727032784711/locations/us-central1/builds/56abed9c-cd6d-4fab-8959-32382301be35","resourceUri":"https://console.cloud.google.com/cloud-build/builds;region=us-central1/56abed9c-cd6d-4fab-8959-32382301be35?project=727032784711"},{"name":"SERVICE","state":"NOT_STARTED"}],"operationType":"UPDATE_FUNCTION","buildName":"projects/727032784711/locations/us-central1/builds/56abed9c-cd6d-4fab-8959-32382301be35"},"done":false}
[debug] [2026-06-13T10:38:01.800Z] [update-default-us-central1-finalizeBattle] Retrying task index 0
[debug] [2026-06-13T10:38:01.800Z] Checked if tokens are valid: true, expires at: 1781349509064
[debug] [2026-06-13T10:38:01.800Z] Checked if tokens are valid: true, expires at: 1781349509064
[debug] [2026-06-13T10:38:01.800Z] >>> [apiv2][query] GET https://cloudfunctions.googleapis.com/v2/projects/momentum-app-prod-1e870/locations/us-central1/operations/operation-1781347072322-654202f77ab98-32f4fb37-f5e6ac79 [none]
[debug] [2026-06-13T10:38:02.138Z] <<< [apiv2][status] GET https://cloudfunctions.googleapis.com/v2/projects/momentum-app-prod-1e870/locations/us-central1/operations/operation-1781347072322-654202f77ab98-32f4fb37-f5e6ac79 200
[debug] [2026-06-13T10:38:02.138Z] <<< [apiv2][body] GET https://cloudfunctions.googleapis.com/v2/projects/momentum-app-prod-1e870/locations/us-central1/operations/operation-1781347072322-654202f77ab98-32f4fb37-f5e6ac79 {"name":"projects/momentum-app-prod-1e870/locations/us-central1/operations/operation-1781347072322-654202f77ab98-32f4fb37-f5e6ac79","metadata":{"@type":"type.googleapis.com/google.cloud.functions.v2.OperationMetadata","createTime":"2026-06-13T10:37:53.164875937Z","target":"projects/momentum-app-prod-1e870/locations/us-central1/functions/finalizeBattle","verb":"update","cancelRequested":false,"apiVersion":"v2","requestResource":{"@type":"type.googleapis.com/google.cloud.functions.v2.Function","name":"projects/momentum-app-prod-1e870/locations/us-central1/functions/finalizeBattle","buildConfig":{"runtime":"nodejs20","entryPoint":"finalizeBattle","source":{"storageSource":{"bucket":"gcf-v2-sources-727032784711-us-central1","object":"finalizeBattle/function-source.zip","generation":"1781347073110815"}},"environmentVariables":{"GOOGLE_NODE_RUN_SCRIPTS":""},"dockerRepository":"projects/momentum-app-prod-1e870/locations/us-central1/repositories/gcf-artifacts","sourceProvenance":{"resolvedStorageSource":{"bucket":"gcf-v2-sources-727032784711-us-central1","object":"finalizeBattle/function-source.zip","generation":"1781346048423180"}},"dockerRegistry":"ARTIFACT_REGISTRY","serviceAccount":"projects/momentum-app-prod-1e870/serviceAccounts/727032784711-compute@developer.gserviceaccount.com","automaticUpdatePolicy":{}},"serviceConfig":{"service":"projects/momentum-app-prod-1e870/locations/us-central1/services/finalizebattle","timeoutSeconds":60,"environmentVariables":{"FIREBASE_CONFIG":"{\"projectId\":\"momentum-app-prod-1e870\",\"storageBucket\":\"momentum-app-prod-1e870.firebasestorage.app\"}","GCLOUD_PROJECT":"momentum-app-prod-1e870","EVENTARC_CLOUD_EVENT_SOURCE":"projects/momentum-app-prod-1e870/locations/us-central1/services/finalizeBattle","FUNCTION_TARGET":"finalizeBattle","LOG_EXECUTION_ID":"true"},"ingressSettings":"ALLOW_ALL","serviceAccountEmail":"727032784711-compute@developer.gserviceaccount.com","availableMemory":"256Mi","maxInstanceRequestConcurrency":80,"availableCpu":"1"},"state":"FAILED","labels":{"deployment-callable":"true","firebase-functions-hash":"54376879a99dc6dc8cad15a41730a3aa144c992e"},"stateMessages":[{"severity":"ERROR","type":"CloudRunServiceNotFound","message":"Cloud Run service projects/momentum-app-prod-1e870/locations/us-central1/services/finalizebattle for the function was not found. The function will not work correctly. Please redeploy."}],"environment":"GEN_2","url":"https://us-central1-momentum-app-prod-1e870.cloudfunctions.net/finalizeBattle","satisfiesPzi":true},"stages":[{"name":"BUILD","message":"Build in progress","state":"IN_PROGRESS","resource":"projects/727032784711/locations/us-central1/builds/56abed9c-cd6d-4fab-8959-32382301be35","resourceUri":"https://console.cloud.google.com/cloud-build/builds;region=us-central1/56abed9c-cd6d-4fab-8959-32382301be35?project=727032784711"},{"name":"SERVICE","state":"NOT_STARTED"}],"operationType":"UPDATE_FUNCTION","buildName":"projects/727032784711/locations/us-central1/builds/56abed9c-cd6d-4fab-8959-32382301be35"},"done":false}
[debug] [2026-06-13T10:38:10.140Z] [update-default-us-central1-finalizeBattle] Retrying task index 0
[debug] [2026-06-13T10:38:10.140Z] Checked if tokens are valid: true, expires at: 1781349509064
[debug] [2026-06-13T10:38:10.140Z] Checked if tokens are valid: true, expires at: 1781349509064
[debug] [2026-06-13T10:38:10.140Z] >>> [apiv2][query] GET https://cloudfunctions.googleapis.com/v2/projects/momentum-app-prod-1e870/locations/us-central1/operations/operation-1781347072322-654202f77ab98-32f4fb37-f5e6ac79 [none]
[debug] [2026-06-13T10:38:10.486Z] <<< [apiv2][status] GET https://cloudfunctions.googleapis.com/v2/projects/momentum-app-prod-1e870/locations/us-central1/operations/operation-1781347072322-654202f77ab98-32f4fb37-f5e6ac79 200
[debug] [2026-06-13T10:38:10.486Z] <<< [apiv2][body] GET https://cloudfunctions.googleapis.com/v2/projects/momentum-app-prod-1e870/locations/us-central1/operations/operation-1781347072322-654202f77ab98-32f4fb37-f5e6ac79 {"name":"projects/momentum-app-prod-1e870/locations/us-central1/operations/operation-1781347072322-654202f77ab98-32f4fb37-f5e6ac79","metadata":{"@type":"type.googleapis.com/google.cloud.functions.v2.OperationMetadata","createTime":"2026-06-13T10:37:53.164875937Z","target":"projects/momentum-app-prod-1e870/locations/us-central1/functions/finalizeBattle","verb":"update","cancelRequested":false,"apiVersion":"v2","requestResource":{"@type":"type.googleapis.com/google.cloud.functions.v2.Function","name":"projects/momentum-app-prod-1e870/locations/us-central1/functions/finalizeBattle","buildConfig":{"runtime":"nodejs20","entryPoint":"finalizeBattle","source":{"storageSource":{"bucket":"gcf-v2-sources-727032784711-us-central1","object":"finalizeBattle/function-source.zip","generation":"1781347073110815"}},"environmentVariables":{"GOOGLE_NODE_RUN_SCRIPTS":""},"dockerRepository":"projects/momentum-app-prod-1e870/locations/us-central1/repositories/gcf-artifacts","sourceProvenance":{"resolvedStorageSource":{"bucket":"gcf-v2-sources-727032784711-us-central1","object":"finalizeBattle/function-source.zip","generation":"1781346048423180"}},"dockerRegistry":"ARTIFACT_REGISTRY","serviceAccount":"projects/momentum-app-prod-1e870/serviceAccounts/727032784711-compute@developer.gserviceaccount.com","automaticUpdatePolicy":{}},"serviceConfig":{"service":"projects/momentum-app-prod-1e870/locations/us-central1/services/finalizebattle","timeoutSeconds":60,"environmentVariables":{"FIREBASE_CONFIG":"{\"projectId\":\"momentum-app-prod-1e870\",\"storageBucket\":\"momentum-app-prod-1e870.firebasestorage.app\"}","GCLOUD_PROJECT":"momentum-app-prod-1e870","EVENTARC_CLOUD_EVENT_SOURCE":"projects/momentum-app-prod-1e870/locations/us-central1/services/finalizeBattle","FUNCTION_TARGET":"finalizeBattle","LOG_EXECUTION_ID":"true"},"ingressSettings":"ALLOW_ALL","serviceAccountEmail":"727032784711-compute@developer.gserviceaccount.com","availableMemory":"256Mi","maxInstanceRequestConcurrency":80,"availableCpu":"1"},"state":"FAILED","labels":{"deployment-callable":"true","firebase-functions-hash":"54376879a99dc6dc8cad15a41730a3aa144c992e"},"stateMessages":[{"severity":"ERROR","type":"CloudRunServiceNotFound","message":"Cloud Run service projects/momentum-app-prod-1e870/locations/us-central1/services/finalizebattle for the function was not found. The function will not work correctly. Please redeploy."}],"environment":"GEN_2","url":"https://us-central1-momentum-app-prod-1e870.cloudfunctions.net/finalizeBattle","satisfiesPzi":true},"stages":[{"name":"BUILD","message":"Build in progress","state":"IN_PROGRESS","resource":"projects/727032784711/locations/us-central1/builds/56abed9c-cd6d-4fab-8959-32382301be35","resourceUri":"https://console.cloud.google.com/cloud-build/builds;region=us-central1/56abed9c-cd6d-4fab-8959-32382301be35?project=727032784711"},{"name":"SERVICE","state":"NOT_STARTED"}],"operationType":"UPDATE_FUNCTION","buildName":"projects/727032784711/locations/us-central1/builds/56abed9c-cd6d-4fab-8959-32382301be35"},"done":false}
[debug] [2026-06-13T10:38:20.487Z] [update-default-us-central1-finalizeBattle] Retrying task index 0
[debug] [2026-06-13T10:38:20.487Z] Checked if tokens are valid: true, expires at: 1781349509064
[debug] [2026-06-13T10:38:20.487Z] Checked if tokens are valid: true, expires at: 1781349509064
[debug] [2026-06-13T10:38:20.488Z] >>> [apiv2][query] GET https://cloudfunctions.googleapis.com/v2/projects/momentum-app-prod-1e870/locations/us-central1/operations/operation-1781347072322-654202f77ab98-32f4fb37-f5e6ac79 [none]
[debug] [2026-06-13T10:38:20.878Z] <<< [apiv2][status] GET https://cloudfunctions.googleapis.com/v2/projects/momentum-app-prod-1e870/locations/us-central1/operations/operation-1781347072322-654202f77ab98-32f4fb37-f5e6ac79 200
[debug] [2026-06-13T10:38:20.878Z] <<< [apiv2][body] GET https://cloudfunctions.googleapis.com/v2/projects/momentum-app-prod-1e870/locations/us-central1/operations/operation-1781347072322-654202f77ab98-32f4fb37-f5e6ac79 {"name":"projects/momentum-app-prod-1e870/locations/us-central1/operations/operation-1781347072322-654202f77ab98-32f4fb37-f5e6ac79","metadata":{"@type":"type.googleapis.com/google.cloud.functions.v2.OperationMetadata","createTime":"2026-06-13T10:37:53.164875937Z","target":"projects/momentum-app-prod-1e870/locations/us-central1/functions/finalizeBattle","verb":"update","cancelRequested":false,"apiVersion":"v2","requestResource":{"@type":"type.googleapis.com/google.cloud.functions.v2.Function","name":"projects/momentum-app-prod-1e870/locations/us-central1/functions/finalizeBattle","buildConfig":{"runtime":"nodejs20","entryPoint":"finalizeBattle","source":{"storageSource":{"bucket":"gcf-v2-sources-727032784711-us-central1","object":"finalizeBattle/function-source.zip","generation":"1781347073110815"}},"environmentVariables":{"GOOGLE_NODE_RUN_SCRIPTS":""},"dockerRepository":"projects/momentum-app-prod-1e870/locations/us-central1/repositories/gcf-artifacts","sourceProvenance":{"resolvedStorageSource":{"bucket":"gcf-v2-sources-727032784711-us-central1","object":"finalizeBattle/function-source.zip","generation":"1781346048423180"}},"dockerRegistry":"ARTIFACT_REGISTRY","serviceAccount":"projects/momentum-app-prod-1e870/serviceAccounts/727032784711-compute@developer.gserviceaccount.com","automaticUpdatePolicy":{}},"serviceConfig":{"service":"projects/momentum-app-prod-1e870/locations/us-central1/services/finalizebattle","timeoutSeconds":60,"environmentVariables":{"FIREBASE_CONFIG":"{\"projectId\":\"momentum-app-prod-1e870\",\"storageBucket\":\"momentum-app-prod-1e870.firebasestorage.app\"}","GCLOUD_PROJECT":"momentum-app-prod-1e870","EVENTARC_CLOUD_EVENT_SOURCE":"projects/momentum-app-prod-1e870/locations/us-central1/services/finalizeBattle","FUNCTION_TARGET":"finalizeBattle","LOG_EXECUTION_ID":"true"},"ingressSettings":"ALLOW_ALL","serviceAccountEmail":"727032784711-compute@developer.gserviceaccount.com","availableMemory":"256Mi","maxInstanceRequestConcurrency":80,"availableCpu":"1"},"state":"FAILED","labels":{"deployment-callable":"true","firebase-functions-hash":"54376879a99dc6dc8cad15a41730a3aa144c992e"},"stateMessages":[{"severity":"ERROR","type":"CloudRunServiceNotFound","message":"Cloud Run service projects/momentum-app-prod-1e870/locations/us-central1/services/finalizebattle for the function was not found. The function will not work correctly. Please redeploy."}],"environment":"GEN_2","url":"https://us-central1-momentum-app-prod-1e870.cloudfunctions.net/finalizeBattle","satisfiesPzi":true},"stages":[{"name":"BUILD","message":"Build in progress","state":"IN_PROGRESS","resource":"projects/727032784711/locations/us-central1/builds/56abed9c-cd6d-4fab-8959-32382301be35","resourceUri":"https://console.cloud.google.com/cloud-build/builds;region=us-central1/56abed9c-cd6d-4fab-8959-32382301be35?project=727032784711"},{"name":"SERVICE","state":"NOT_STARTED"}],"operationType":"UPDATE_FUNCTION","buildName":"projects/727032784711/locations/us-central1/builds/56abed9c-cd6d-4fab-8959-32382301be35"},"done":false}
[debug] [2026-06-13T10:38:30.879Z] [update-default-us-central1-finalizeBattle] Retrying task index 0
[debug] [2026-06-13T10:38:30.880Z] Checked if tokens are valid: true, expires at: 1781349509064
[debug] [2026-06-13T10:38:30.880Z] Checked if tokens are valid: true, expires at: 1781349509064
[debug] [2026-06-13T10:38:30.880Z] >>> [apiv2][query] GET https://cloudfunctions.googleapis.com/v2/projects/momentum-app-prod-1e870/locations/us-central1/operations/operation-1781347072322-654202f77ab98-32f4fb37-f5e6ac79 [none]
[debug] [2026-06-13T10:38:31.209Z] <<< [apiv2][status] GET https://cloudfunctions.googleapis.com/v2/projects/momentum-app-prod-1e870/locations/us-central1/operations/operation-1781347072322-654202f77ab98-32f4fb37-f5e6ac79 200
[debug] [2026-06-13T10:38:31.209Z] <<< [apiv2][body] GET https://cloudfunctions.googleapis.com/v2/projects/momentum-app-prod-1e870/locations/us-central1/operations/operation-1781347072322-654202f77ab98-32f4fb37-f5e6ac79 {"name":"projects/momentum-app-prod-1e870/locations/us-central1/operations/operation-1781347072322-654202f77ab98-32f4fb37-f5e6ac79","metadata":{"@type":"type.googleapis.com/google.cloud.functions.v2.OperationMetadata","createTime":"2026-06-13T10:37:53.164875937Z","endTime":"2026-06-13T10:38:27.362618350Z","target":"projects/momentum-app-prod-1e870/locations/us-central1/functions/finalizeBattle","verb":"update","cancelRequested":false,"apiVersion":"v2","requestResource":{"@type":"type.googleapis.com/google.cloud.functions.v2.Function","name":"projects/momentum-app-prod-1e870/locations/us-central1/functions/finalizeBattle","buildConfig":{"runtime":"nodejs20","entryPoint":"finalizeBattle","source":{"storageSource":{"bucket":"gcf-v2-sources-727032784711-us-central1","object":"finalizeBattle/function-source.zip","generation":"1781347073110815"}},"environmentVariables":{"GOOGLE_NODE_RUN_SCRIPTS":""},"dockerRepository":"projects/momentum-app-prod-1e870/locations/us-central1/repositories/gcf-artifacts","sourceProvenance":{"resolvedStorageSource":{"bucket":"gcf-v2-sources-727032784711-us-central1","object":"finalizeBattle/function-source.zip","generation":"1781346048423180"}},"dockerRegistry":"ARTIFACT_REGISTRY","serviceAccount":"projects/momentum-app-prod-1e870/serviceAccounts/727032784711-compute@developer.gserviceaccount.com","automaticUpdatePolicy":{}},"serviceConfig":{"service":"projects/momentum-app-prod-1e870/locations/us-central1/services/finalizebattle","timeoutSeconds":60,"environmentVariables":{"FIREBASE_CONFIG":"{\"projectId\":\"momentum-app-prod-1e870\",\"storageBucket\":\"momentum-app-prod-1e870.firebasestorage.app\"}","GCLOUD_PROJECT":"momentum-app-prod-1e870","EVENTARC_CLOUD_EVENT_SOURCE":"projects/momentum-app-prod-1e870/locations/us-central1/services/finalizeBattle","FUNCTION_TARGET":"finalizeBattle","LOG_EXECUTION_ID":"true"},"ingressSettings":"ALLOW_ALL","serviceAccountEmail":"727032784711-compute@developer.gserviceaccount.com","availableMemory":"256Mi","maxInstanceRequestConcurrency":80,"availableCpu":"1"},"state":"FAILED","labels":{"deployment-callable":"true","firebase-functions-hash":"54376879a99dc6dc8cad15a41730a3aa144c992e"},"stateMessages":[{"severity":"ERROR","type":"CloudRunServiceNotFound","message":"Cloud Run service projects/momentum-app-prod-1e870/locations/us-central1/services/finalizebattle for the function was not found. The function will not work correctly. Please redeploy."}],"environment":"GEN_2","url":"https://us-central1-momentum-app-prod-1e870.cloudfunctions.net/finalizeBattle","satisfiesPzi":true},"stages":[{"name":"SERVICE","state":"NOT_STARTED"}],"operationType":"UPDATE_FUNCTION"},"done":true,"error":{"code":3,"message":"Build failed with status: FAILURE. Could not build the function due to a missing permission on the build service account. If you didn't revoke that permission explicitly, this could be caused by a change in the organization policies. Please refer to the following documentation for more details and resolution: https://cloud.google.com/functions/docs/troubleshooting#build-service-account\n You can also view the logs at https://console.cloud.google.com/cloud-build/builds;region=us-central1/56abed9c-cd6d-4fab-8959-32382301be35?project=727032784711.\n"}}
[debug] [2026-06-13T10:38:31.209Z] Got source token undefined for region us-central1
[error] Build failed with status: FAILURE. Could not build the function due to a missing permission on the build service account. If you didn't revoke that permission explicitly, this could be caused by a change in the organization policies. Please refer to the following documentation for more details and resolution: https://cloud.google.com/functions/docs/troubleshooting#build-service-account
 You can also view the logs at https://console.cloud.google.com/cloud-build/builds;region=us-central1/56abed9c-cd6d-4fab-8959-32382301be35?project=727032784711.

[debug] [2026-06-13T10:38:31.215Z] Total Function Deployment time: 39198
[debug] [2026-06-13T10:38:31.216Z] 1 Functions Deployed
[debug] [2026-06-13T10:38:31.216Z] 1 Functions Errored
[debug] [2026-06-13T10:38:31.216Z] 0 Function Deployments Aborted
[debug] [2026-06-13T10:38:31.216Z] Average Function Deployment time: 39197
[info] 
[info] Functions deploy had errors with the following functions:
	finalizeBattle(us-central1)
[debug] [2026-06-13T10:38:31.346Z] Checked if tokens are valid: true, expires at: 1781349509064
[debug] [2026-06-13T10:38:31.346Z] Checked if tokens are valid: true, expires at: 1781349509064
[debug] [2026-06-13T10:38:31.346Z] >>> [apiv2][query] GET https://artifactregistry.googleapis.com/v1/projects/momentum-app-prod-1e870/locations/us-central1/repositories/gcf-artifacts [none]
[debug] [2026-06-13T10:38:31.746Z] <<< [apiv2][status] GET https://artifactregistry.googleapis.com/v1/projects/momentum-app-prod-1e870/locations/us-central1/repositories/gcf-artifacts 200
[debug] [2026-06-13T10:38:31.746Z] <<< [apiv2][body] GET https://artifactregistry.googleapis.com/v1/projects/momentum-app-prod-1e870/locations/us-central1/repositories/gcf-artifacts {"name":"projects/momentum-app-prod-1e870/locations/us-central1/repositories/gcf-artifacts","format":"DOCKER","description":"This repository is created and used by Cloud Functions for storing function docker images.","labels":{"goog-managed-by":"cloudfunctions"},"createTime":"2026-06-13T10:21:33.073841Z","updateTime":"2026-06-13T10:25:02.936413Z","mode":"STANDARD_REPOSITORY","cleanupPolicies":{"firebase-functions-cleanup":{"id":"firebase-functions-cleanup","action":"DELETE","condition":{"tagState":"ANY","olderThan":"86400s"}}},"vulnerabilityScanningConfig":{"lastEnableTime":"2026-06-13T10:21:24.243957346Z","enablementState":"SCANNING_DISABLED","enablementStateReason":"API containerscanning.googleapis.com is not enabled."},"satisfiesPzi":true,"registryUri":"us-central1-docker.pkg.dev/momentum-app-prod-1e870/gcf-artifacts"}
[debug] [2026-06-13T10:38:31.746Z] Functions deploy failed.
[debug] [2026-06-13T10:38:31.747Z] {
  "endpoint": {
    "id": "finalizeBattle",
    "project": "momentum-app-prod-1e870",
    "region": "us-central1",
    "entryPoint": "finalizeBattle",
    "platform": "gcfv2",
    "runtime": "nodejs20",
    "callableTrigger": {},
    "labels": {
      "deployment-tool": "cli-firebase"
    },
    "serviceAccount": null,
    "ingressSettings": null,
    "availableMemoryMb": null,
    "timeoutSeconds": null,
    "maxInstances": null,
    "minInstances": null,
    "concurrency": 80,
    "vpc": null,
    "environmentVariables": {
      "FIREBASE_CONFIG": "{\"projectId\":\"momentum-app-prod-1e870\",\"storageBucket\":\"momentum-app-prod-1e870.firebasestorage.app\"}",
      "GCLOUD_PROJECT": "momentum-app-prod-1e870",
      "EVENTARC_CLOUD_EVENT_SOURCE": "projects/momentum-app-prod-1e870/locations/us-central1/services/finalizeBattle"
    },
    "codebase": "default",
    "securityLevel": "SECURE_ALWAYS",
    "cpu": 1,
    "targetedByOnly": false,
    "hash": "54376879a99dc6dc8cad15a41730a3aa144c992e"
  },
  "op": "update",
  "original": {
    "name": "FirebaseError",
    "children": [],
    "exit": 1,
    "message": "Build failed with status: FAILURE. Could not build the function due to a missing permission on the build service account. If you didn't revoke that permission explicitly, this could be caused by a change in the organization policies. Please refer to the following documentation for more details and resolution: https://cloud.google.com/functions/docs/troubleshooting#build-service-account\n You can also view the logs at https://console.cloud.google.com/cloud-build/builds;region=us-central1/56abed9c-cd6d-4fab-8959-32382301be35?project=727032784711.\n",
    "original": {
      "code": 3,
      "message": "Build failed with status: FAILURE. Could not build the function due to a missing permission on the build service account. If you didn't revoke that permission explicitly, this could be caused by a change in the organization policies. Please refer to the following documentation for more details and resolution: https://cloud.google.com/functions/docs/troubleshooting#build-service-account\n You can also view the logs at https://console.cloud.google.com/cloud-build/builds;region=us-central1/56abed9c-cd6d-4fab-8959-32382301be35?project=727032784711.\n"
    },
    "status": 3,
    "code": 3
  }
}
[debug] [2026-06-13T10:38:31.782Z] Error: Failed to update function finalizeBattle in region us-central1
    at /Users/bruton/.nvm/versions/node/v20.20.0/lib/node_modules/firebase-tools/lib/deploy/functions/release/fabricator.js:441:19
    at process.processTicksAndRejections (node:internal/process/task_queues:95:5)
    at async Fabricator.updateV2Function (/Users/bruton/.nvm/versions/node/v20.20.0/lib/node_modules/firebase-tools/lib/deploy/functions/release/fabricator.js:425:32)
    at async Fabricator.updateEndpoint (/Users/bruton/.nvm/versions/node/v20.20.0/lib/node_modules/firebase-tools/lib/deploy/functions/release/fabricator.js:161:13)
    at async handle (/Users/bruton/.nvm/versions/node/v20.20.0/lib/node_modules/firebase-tools/lib/deploy/functions/release/fabricator.js:92:17)
[error] 
[error] Error: There was an error deploying functions
[debug] [2026-06-13T10:42:30.960Z] ----------------------------------------------------------------------
[debug] [2026-06-13T10:42:30.964Z] Command:       /Users/bruton/.nvm/versions/node/v20.20.0/bin/node /Users/bruton/.nvm/versions/node/v20.20.0/bin/firebase deploy --only functions
[debug] [2026-06-13T10:42:30.964Z] CLI Version:   15.13.0
[debug] [2026-06-13T10:42:30.964Z] Platform:      darwin
[debug] [2026-06-13T10:42:30.964Z] Node Version:  v20.20.0
[debug] [2026-06-13T10:42:30.964Z] Time:          Sat Jun 13 2026 06:42:30 GMT-0400 (Eastern Daylight Time)
[debug] [2026-06-13T10:42:30.964Z] ----------------------------------------------------------------------
[debug] 
[debug] [2026-06-13T10:42:31.750Z] > command requires scopes: ["email","openid","https://www.googleapis.com/auth/cloudplatformprojects.readonly","https://www.googleapis.com/auth/firebase","https://www.googleapis.com/auth/cloud-platform"]
[debug] [2026-06-13T10:42:31.750Z] > authorizing via signed-in user (alphonsob@momentumappsports.co)
[debug] [2026-06-13T10:42:31.750Z] [iam] checking project momentum-app-prod-1e870 for permissions ["cloudfunctions.functions.create","cloudfunctions.functions.delete","cloudfunctions.functions.get","cloudfunctions.functions.list","cloudfunctions.functions.update","cloudfunctions.operations.get","firebase.projects.get"]
[debug] [2026-06-13T10:42:31.751Z] Checked if tokens are valid: true, expires at: 1781349509064
[debug] [2026-06-13T10:42:31.751Z] Checked if tokens are valid: true, expires at: 1781349509064
[debug] [2026-06-13T10:42:31.751Z] >>> [apiv2][query] POST https://cloudresourcemanager.googleapis.com/v1/projects/momentum-app-prod-1e870:testIamPermissions [none]
[debug] [2026-06-13T10:42:31.751Z] >>> [apiv2][(partial)header] POST https://cloudresourcemanager.googleapis.com/v1/projects/momentum-app-prod-1e870:testIamPermissions  x-goog-user-project=momentum-app-prod-1e870
[debug] [2026-06-13T10:42:31.751Z] >>> [apiv2][body] POST https://cloudresourcemanager.googleapis.com/v1/projects/momentum-app-prod-1e870:testIamPermissions {"permissions":["cloudfunctions.functions.create","cloudfunctions.functions.delete","cloudfunctions.functions.get","cloudfunctions.functions.list","cloudfunctions.functions.update","cloudfunctions.operations.get","firebase.projects.get"]}
[debug] [2026-06-13T10:42:32.012Z] <<< [apiv2][status] POST https://cloudresourcemanager.googleapis.com/v1/projects/momentum-app-prod-1e870:testIamPermissions 200
[debug] [2026-06-13T10:42:32.012Z] <<< [apiv2][body] POST https://cloudresourcemanager.googleapis.com/v1/projects/momentum-app-prod-1e870:testIamPermissions {"permissions":["cloudfunctions.functions.create","cloudfunctions.functions.delete","cloudfunctions.functions.get","cloudfunctions.functions.list","cloudfunctions.functions.update","cloudfunctions.operations.get","firebase.projects.get"]}
[debug] [2026-06-13T10:42:32.013Z] Checked if tokens are valid: true, expires at: 1781349509064
[debug] [2026-06-13T10:42:32.013Z] Checked if tokens are valid: true, expires at: 1781349509064
[debug] [2026-06-13T10:42:32.013Z] >>> [apiv2][query] POST https://iam.googleapis.com/v1/projects/momentum-app-prod-1e870/serviceAccounts/momentum-app-prod-1e870@appspot.gserviceaccount.com:testIamPermissions [none]
[debug] [2026-06-13T10:42:32.013Z] >>> [apiv2][body] POST https://iam.googleapis.com/v1/projects/momentum-app-prod-1e870/serviceAccounts/momentum-app-prod-1e870@appspot.gserviceaccount.com:testIamPermissions {"permissions":["iam.serviceAccounts.actAs"]}
[debug] [2026-06-13T10:42:32.231Z] <<< [apiv2][status] POST https://iam.googleapis.com/v1/projects/momentum-app-prod-1e870/serviceAccounts/momentum-app-prod-1e870@appspot.gserviceaccount.com:testIamPermissions 200
[debug] [2026-06-13T10:42:32.231Z] <<< [apiv2][body] POST https://iam.googleapis.com/v1/projects/momentum-app-prod-1e870/serviceAccounts/momentum-app-prod-1e870@appspot.gserviceaccount.com:testIamPermissions {"permissions":["iam.serviceAccounts.actAs"]}
[info] 
[info] === Deploying to 'momentum-app-prod-1e870'...
[info] 
[info] i  deploying functions 
[info] Running command: npm --prefix "$RESOURCE_DIR" run build
[info] ✔  functions: Finished running predeploy script. 
[debug] [2026-06-13T10:42:33.182Z] Checked if tokens are valid: true, expires at: 1781349509064
[debug] [2026-06-13T10:42:33.183Z] Checked if tokens are valid: true, expires at: 1781349509064
[debug] [2026-06-13T10:42:33.183Z] >>> [apiv2][query] GET https://cloudresourcemanager.googleapis.com/v1/projects/momentum-app-prod-1e870 [none]
[debug] [2026-06-13T10:42:33.298Z] <<< [apiv2][status] GET https://cloudresourcemanager.googleapis.com/v1/projects/momentum-app-prod-1e870 200
[debug] [2026-06-13T10:42:33.298Z] <<< [apiv2][body] GET https://cloudresourcemanager.googleapis.com/v1/projects/momentum-app-prod-1e870 {"projectNumber":"727032784711","projectId":"momentum-app-prod-1e870","lifecycleState":"ACTIVE","name":"momentum-app-prod","labels":{"firebase":"enabled","firebase-core":"disabled"},"createTime":"2026-04-29T01:29:10.653Z","parent":{"type":"organization","id":"454234975642"}}
[info] i  functions: preparing codebase default for deployment 
[info] i  functions: ensuring required API cloudfunctions.googleapis.com is enabled... 
[info] i  functions: ensuring required API cloudbuild.googleapis.com is enabled... 
[info] i  artifactregistry: ensuring required API artifactregistry.googleapis.com is enabled... 
[debug] [2026-06-13T10:42:33.299Z] Checked if tokens are valid: true, expires at: 1781349509064
[debug] [2026-06-13T10:42:33.299Z] Checked if tokens are valid: true, expires at: 1781349509064
[debug] [2026-06-13T10:42:33.299Z] >>> [apiv2][query] GET https://firebase.googleapis.com/v1beta1/projects/momentum-app-prod-1e870/adminSdkConfig [none]
[debug] [2026-06-13T10:42:33.729Z] <<< [apiv2][status] GET https://firebase.googleapis.com/v1beta1/projects/momentum-app-prod-1e870/adminSdkConfig 200
[debug] [2026-06-13T10:42:33.729Z] <<< [apiv2][body] GET https://firebase.googleapis.com/v1beta1/projects/momentum-app-prod-1e870/adminSdkConfig {"projectId":"momentum-app-prod-1e870","storageBucket":"momentum-app-prod-1e870.firebasestorage.app"}
[debug] [2026-06-13T10:42:33.730Z] Checked if tokens are valid: true, expires at: 1781349509064
[debug] [2026-06-13T10:42:33.730Z] Checked if tokens are valid: true, expires at: 1781349509064
[debug] [2026-06-13T10:42:33.730Z] >>> [apiv2][query] GET https://runtimeconfig.googleapis.com/v1beta1/projects/momentum-app-prod-1e870/configs [none]
[debug] [2026-06-13T10:42:34.130Z] <<< [apiv2][status] GET https://runtimeconfig.googleapis.com/v1beta1/projects/momentum-app-prod-1e870/configs 200
[debug] [2026-06-13T10:42:34.130Z] <<< [apiv2][body] GET https://runtimeconfig.googleapis.com/v1beta1/projects/momentum-app-prod-1e870/configs {}
[debug] [2026-06-13T10:42:34.131Z] Validating nodejs source
[warn] ⚠  functions: Runtime Node.js 20 was deprecated on 2026-04-30 and will be decommissioned on 2026-10-30, after which you will not be able to deploy without upgrading. Consider upgrading now to avoid disruption. See https://cloud.google.com/functions/docs/runtime-support for full details on the lifecycle policy 
[warn] ⚠  functions: package.json indicates an outdated version of firebase-functions. Please upgrade using npm install --save firebase-functions@latest in your functions directory. 
[warn] ⚠  functions: Please note that there will be breaking changes when you upgrade. 
[debug] [2026-06-13T10:42:34.613Z] > [functions] package.json contents: {
  "name": "functions",
  "description": "Cloud Functions for Momentum MVP",
  "private": true,
  "main": "lib/index.js",
  "engines": {
    "node": "20"
  },
  "scripts": {
    "build": "tsc -p tsconfig.json",
    "build:watch": "tsc -p tsconfig.json --watch",
    "serve": "npm run build && firebase emulators:start --only functions",
    "shell": "npm run build && firebase functions:shell",
    "deploy": "firebase deploy --only functions",
    "logs": "firebase functions:log"
  },
  "dependencies": {
    "firebase-admin": "^12.0.0",
    "firebase-functions": "^5.0.0"
  },
  "devDependencies": {
    "@types/node": "^20.11.0",
    "typescript": "^5.3.3"
  }
}
[debug] [2026-06-13T10:42:34.614Z] Building nodejs source
[info] i  functions: Loading and analyzing source code for codebase default to determine what to deploy 
[debug] [2026-06-13T10:42:34.614Z] Could not find functions.yaml. Must use http discovery
[debug] [2026-06-13T10:42:34.620Z] Found firebase-functions binary at '/Users/bruton/Documents/Momentum-MVP/functions/node_modules/.bin/firebase-functions'
[info] Serving at port 8372

[debug] [2026-06-13T10:42:35.002Z] Got response from /__/functions.yaml {"endpoints":{"finalizeBattle":{"availableMemoryMb":null,"timeoutSeconds":null,"minInstances":null,"maxInstances":null,"ingressSettings":null,"concurrency":null,"serviceAccountEmail":null,"vpc":null,"platform":"gcfv2","region":["us-central1"],"labels":{},"callableTrigger":{},"entryPoint":"finalizeBattle"}},"specVersion":"v1alpha1","requiredAPIs":[],"extensions":{}}
[info] i  extensions: ensuring required API firebaseextensions.googleapis.com is enabled... 
[debug] [2026-06-13T10:42:39.022Z] > command requires scopes: ["email","openid","https://www.googleapis.com/auth/cloudplatformprojects.readonly","https://www.googleapis.com/auth/firebase","https://www.googleapis.com/auth/cloud-platform"]
[debug] [2026-06-13T10:42:39.022Z] > authorizing via signed-in user (alphonsob@momentumappsports.co)
[debug] [2026-06-13T10:42:39.022Z] [iam] checking project momentum-app-prod-1e870 for permissions ["firebase.projects.get","firebaseextensions.instances.list"]
[debug] [2026-06-13T10:42:39.022Z] Checked if tokens are valid: true, expires at: 1781349509064
[debug] [2026-06-13T10:42:39.022Z] Checked if tokens are valid: true, expires at: 1781349509064
[debug] [2026-06-13T10:42:39.022Z] >>> [apiv2][query] POST https://cloudresourcemanager.googleapis.com/v1/projects/momentum-app-prod-1e870:testIamPermissions [none]
[debug] [2026-06-13T10:42:39.022Z] >>> [apiv2][(partial)header] POST https://cloudresourcemanager.googleapis.com/v1/projects/momentum-app-prod-1e870:testIamPermissions  x-goog-user-project=momentum-app-prod-1e870
[debug] [2026-06-13T10:42:39.022Z] >>> [apiv2][body] POST https://cloudresourcemanager.googleapis.com/v1/projects/momentum-app-prod-1e870:testIamPermissions {"permissions":["firebase.projects.get","firebaseextensions.instances.list"]}
[debug] [2026-06-13T10:42:39.219Z] <<< [apiv2][status] POST https://cloudresourcemanager.googleapis.com/v1/projects/momentum-app-prod-1e870:testIamPermissions 200
[debug] [2026-06-13T10:42:39.219Z] <<< [apiv2][body] POST https://cloudresourcemanager.googleapis.com/v1/projects/momentum-app-prod-1e870:testIamPermissions {"permissions":["firebase.projects.get","firebaseextensions.instances.list"]}
[debug] [2026-06-13T10:42:39.219Z] Checked if tokens are valid: true, expires at: 1781349509064
[debug] [2026-06-13T10:42:39.219Z] Checked if tokens are valid: true, expires at: 1781349509064
[debug] [2026-06-13T10:42:39.220Z] >>> [apiv2][query] GET https://firebaseextensions.googleapis.com/v1beta/projects/momentum-app-prod-1e870/instances pageSize=100&pageToken=
[debug] [2026-06-13T10:42:39.618Z] <<< [apiv2][status] GET https://firebaseextensions.googleapis.com/v1beta/projects/momentum-app-prod-1e870/instances 200
[debug] [2026-06-13T10:42:39.618Z] <<< [apiv2][body] GET https://firebaseextensions.googleapis.com/v1beta/projects/momentum-app-prod-1e870/instances {}
[info] i  functions: preparing functions directory for uploading... 
[info] i  functions: packaged /Users/bruton/Documents/Momentum-MVP/functions (36.13 KB) for uploading 
[debug] [2026-06-13T10:42:39.648Z] Checked if tokens are valid: true, expires at: 1781349509064
[debug] [2026-06-13T10:42:39.648Z] Checked if tokens are valid: true, expires at: 1781349509064
[debug] [2026-06-13T10:42:39.648Z] >>> [apiv2][query] GET https://cloudfunctions.googleapis.com/v1/projects/momentum-app-prod-1e870/locations/-/functions [none]
[debug] [2026-06-13T10:42:40.376Z] <<< [apiv2][status] GET https://cloudfunctions.googleapis.com/v1/projects/momentum-app-prod-1e870/locations/-/functions 200
[debug] [2026-06-13T10:42:40.376Z] <<< [apiv2][body] GET https://cloudfunctions.googleapis.com/v1/projects/momentum-app-prod-1e870/locations/-/functions {}
[debug] [2026-06-13T10:42:40.377Z] Checked if tokens are valid: true, expires at: 1781349509064
[debug] [2026-06-13T10:42:40.377Z] Checked if tokens are valid: true, expires at: 1781349509064
[debug] [2026-06-13T10:42:40.377Z] >>> [apiv2][query] GET https://cloudfunctions.googleapis.com/v2/projects/momentum-app-prod-1e870/locations/-/functions filter=environment%3D%22GEN_2%22
[debug] [2026-06-13T10:42:40.883Z] <<< [apiv2][status] GET https://cloudfunctions.googleapis.com/v2/projects/momentum-app-prod-1e870/locations/-/functions 200
[debug] [2026-06-13T10:42:40.883Z] <<< [apiv2][body] GET https://cloudfunctions.googleapis.com/v2/projects/momentum-app-prod-1e870/locations/-/functions {"functions":[{"name":"projects/momentum-app-prod-1e870/locations/us-central1/functions/finalizeBattle","buildConfig":{"build":"projects/727032784711/locations/us-central1/builds/ac2caef3-2f56-40fc-8876-df9aade0eaaa","runtime":"nodejs20","entryPoint":"finalizeBattle","source":{"storageSource":{"bucket":"gcf-v2-sources-727032784711-us-central1","object":"finalizeBattle/function-source.zip","generation":"1781346048423180"}},"environmentVariables":{"GOOGLE_NODE_RUN_SCRIPTS":""},"dockerRepository":"projects/momentum-app-prod-1e870/locations/us-central1/repositories/gcf-artifacts","sourceProvenance":{"resolvedStorageSource":{"bucket":"gcf-v2-sources-727032784711-us-central1","object":"finalizeBattle/function-source.zip","generation":"1781346048423180"}},"dockerRegistry":"ARTIFACT_REGISTRY","serviceAccount":"projects/momentum-app-prod-1e870/serviceAccounts/727032784711-compute@developer.gserviceaccount.com","automaticUpdatePolicy":{}},"state":"UNKNOWN","updateTime":"2026-06-13T10:38:27.368679449Z","labels":{"deployment-callable":"true","firebase-functions-hash":"54376879a99dc6dc8cad15a41730a3aa144c992e","deployment-tool":"cli-firebase"},"stateMessages":[{"severity":"ERROR","type":"CloudRunServiceNotFound","message":"Cloud Run service projects/momentum-app-prod-1e870/locations/us-central1/services/finalizebattle for the function was not found. The function will not work correctly. Please redeploy."}],"environment":"GEN_2","url":"https://us-central1-momentum-app-prod-1e870.cloudfunctions.net/finalizeBattle","createTime":"2026-06-13T10:20:49.177044627Z","satisfiesPzi":true}]}
[info] i  functions: ensuring required API run.googleapis.com is enabled... 
[info] i  functions: ensuring required API eventarc.googleapis.com is enabled... 
[info] i  functions: ensuring required API pubsub.googleapis.com is enabled... 
[info] i  functions: ensuring required API storage.googleapis.com is enabled... 
[info] i  functions: generating the service identity for pubsub.googleapis.com... 
[debug] [2026-06-13T10:42:40.887Z] Checked if tokens are valid: true, expires at: 1781349509064
[debug] [2026-06-13T10:42:40.887Z] Checked if tokens are valid: true, expires at: 1781349509064
[info] i  functions: generating the service identity for eventarc.googleapis.com... 
[debug] [2026-06-13T10:42:40.887Z] Checked if tokens are valid: true, expires at: 1781349509064
[debug] [2026-06-13T10:42:40.887Z] Checked if tokens are valid: true, expires at: 1781349509064
[debug] [2026-06-13T10:42:40.887Z] >>> [apiv2][query] POST https://serviceusage.googleapis.com/v1beta1/projects/727032784711/services/pubsub.googleapis.com:generateServiceIdentity [none]
[debug] [2026-06-13T10:42:40.887Z] >>> [apiv2][(partial)header] POST https://serviceusage.googleapis.com/v1beta1/projects/727032784711/services/pubsub.googleapis.com:generateServiceIdentity  x-goog-user-project=727032784711
[debug] [2026-06-13T10:42:40.887Z] >>> [apiv2][body] POST https://serviceusage.googleapis.com/v1beta1/projects/727032784711/services/pubsub.googleapis.com:generateServiceIdentity {}
[debug] [2026-06-13T10:42:40.888Z] >>> [apiv2][query] POST https://serviceusage.googleapis.com/v1beta1/projects/727032784711/services/eventarc.googleapis.com:generateServiceIdentity [none]
[debug] [2026-06-13T10:42:40.888Z] >>> [apiv2][(partial)header] POST https://serviceusage.googleapis.com/v1beta1/projects/727032784711/services/eventarc.googleapis.com:generateServiceIdentity  x-goog-user-project=727032784711
[debug] [2026-06-13T10:42:40.888Z] >>> [apiv2][body] POST https://serviceusage.googleapis.com/v1beta1/projects/727032784711/services/eventarc.googleapis.com:generateServiceIdentity {}
[debug] [2026-06-13T10:42:41.330Z] <<< [apiv2][status] POST https://serviceusage.googleapis.com/v1beta1/projects/727032784711/services/pubsub.googleapis.com:generateServiceIdentity 200
[debug] [2026-06-13T10:42:41.330Z] <<< [apiv2][body] POST https://serviceusage.googleapis.com/v1beta1/projects/727032784711/services/pubsub.googleapis.com:generateServiceIdentity {"name":"operations/finished.DONE_OPERATION","done":true,"response":{"@type":"type.googleapis.com/google.api.serviceusage.v1beta1.ServiceIdentity","email":"service-727032784711@gcp-sa-pubsub.iam.gserviceaccount.com","uniqueId":"112420985426025822239"}}
[debug] [2026-06-13T10:42:41.335Z] <<< [apiv2][status] POST https://serviceusage.googleapis.com/v1beta1/projects/727032784711/services/eventarc.googleapis.com:generateServiceIdentity 200
[debug] [2026-06-13T10:42:41.335Z] <<< [apiv2][body] POST https://serviceusage.googleapis.com/v1beta1/projects/727032784711/services/eventarc.googleapis.com:generateServiceIdentity {"name":"operations/finished.DONE_OPERATION","done":true,"response":{"@type":"type.googleapis.com/google.api.serviceusage.v1beta1.ServiceIdentity","email":"service-727032784711@gcp-sa-eventarc.iam.gserviceaccount.com","uniqueId":"102562856229891711614"}}
[debug] [2026-06-13T10:42:41.337Z] Checked if tokens are valid: true, expires at: 1781349509064
[debug] [2026-06-13T10:42:41.337Z] Checked if tokens are valid: true, expires at: 1781349509064
[debug] [2026-06-13T10:42:41.337Z] >>> [apiv2][query] GET https://cloudresourcemanager.googleapis.com/v1/projects/momentum-app-prod-1e870 [none]
[debug] [2026-06-13T10:42:41.454Z] <<< [apiv2][status] GET https://cloudresourcemanager.googleapis.com/v1/projects/momentum-app-prod-1e870 200
[debug] [2026-06-13T10:42:41.455Z] <<< [apiv2][body] GET https://cloudresourcemanager.googleapis.com/v1/projects/momentum-app-prod-1e870 {"projectNumber":"727032784711","projectId":"momentum-app-prod-1e870","lifecycleState":"ACTIVE","name":"momentum-app-prod","labels":{"firebase":"enabled","firebase-core":"disabled"},"createTime":"2026-04-29T01:29:10.653Z","parent":{"type":"organization","id":"454234975642"}}
[debug] [2026-06-13T10:42:41.455Z] Checked if tokens are valid: true, expires at: 1781349509064
[debug] [2026-06-13T10:42:41.455Z] Checked if tokens are valid: true, expires at: 1781349509064
[debug] [2026-06-13T10:42:41.455Z] >>> [apiv2][query] GET https://compute.googleapis.com/compute/v1/projects/727032784711 [none]
[debug] [2026-06-13T10:42:41.641Z] <<< [apiv2][status] GET https://compute.googleapis.com/compute/v1/projects/727032784711 403
[debug] [2026-06-13T10:42:41.641Z] <<< [apiv2][body] GET https://compute.googleapis.com/compute/v1/projects/727032784711 {"error":{"code":403,"message":"Compute Engine API has not been used in project 727032784711 before or it is disabled. Enable it by visiting https://console.developers.google.com/apis/api/compute.googleapis.com/overview?project=727032784711 then retry. If you enabled this API recently, wait a few minutes for the action to propagate to our systems and retry.","errors":[{"message":"Compute Engine API has not been used in project 727032784711 before or it is disabled. Enable it by visiting https://console.developers.google.com/apis/api/compute.googleapis.com/overview?project=727032784711 then retry. If you enabled this API recently, wait a few minutes for the action to propagate to our systems and retry.","domain":"usageLimits","reason":"accessNotConfigured","extendedHelp":"https://console.developers.google.com"}],"status":"PERMISSION_DENIED","details":[{"@type":"type.googleapis.com/google.rpc.ErrorInfo","reason":"SERVICE_DISABLED","domain":"googleapis.com","metadata":{"service":"compute.googleapis.com","consumer":"projects/727032784711","containerInfo":"727032784711","activationUrl":"https://console.developers.google.com/apis/api/compute.googleapis.com/overview?project=727032784711","serviceTitle":"Compute Engine API"}},{"@type":"type.googleapis.com/google.rpc.LocalizedMessage","locale":"en-US","message":"Compute Engine API has not been used in project 727032784711 before or it is disabled. Enable it by visiting https://console.developers.google.com/apis/api/compute.googleapis.com/overview?project=727032784711 then retry. If you enabled this API recently, wait a few minutes for the action to propagate to our systems and retry."},{"@type":"type.googleapis.com/google.rpc.Help","links":[{"description":"Google developers console API activation","url":"https://console.developers.google.com/apis/api/compute.googleapis.com/overview?project=727032784711"}]}]}}
[debug] [2026-06-13T10:42:41.642Z] unable to look up default compute service account. Falling back to 727032784711-compute@developer.gserviceaccount.com. Error: {"name":"FirebaseError","children":[],"context":{"body":{"error":{"code":403,"message":"Compute Engine API has not been used in project 727032784711 before or it is disabled. Enable it by visiting https://console.developers.google.com/apis/api/compute.googleapis.com/overview?project=727032784711 then retry. If you enabled this API recently, wait a few minutes for the action to propagate to our systems and retry.","errors":[{"message":"Compute Engine API has not been used in project 727032784711 before or it is disabled. Enable it by visiting https://console.developers.google.com/apis/api/compute.googleapis.com/overview?project=727032784711 then retry. If you enabled this API recently, wait a few minutes for the action to propagate to our systems and retry.","domain":"usageLimits","reason":"accessNotConfigured","extendedHelp":"https://console.developers.google.com"}],"status":"PERMISSION_DENIED","details":[{"@type":"type.googleapis.com/google.rpc.ErrorInfo","reason":"SERVICE_DISABLED","domain":"googleapis.com","metadata":{"service":"compute.googleapis.com","consumer":"projects/727032784711","containerInfo":"727032784711","activationUrl":"https://console.developers.google.com/apis/api/compute.googleapis.com/overview?project=727032784711","serviceTitle":"Compute Engine API"}},{"@type":"type.googleapis.com/google.rpc.LocalizedMessage","locale":"en-US","message":"Compute Engine API has not been used in project 727032784711 before or it is disabled. Enable it by visiting https://console.developers.google.com/apis/api/compute.googleapis.com/overview?project=727032784711 then retry. If you enabled this API recently, wait a few minutes for the action to propagate to our systems and retry."},{"@type":"type.googleapis.com/google.rpc.Help","links":[{"description":"Google developers console API activation","url":"https://console.developers.google.com/apis/api/compute.googleapis.com/overview?project=727032784711"}]}]}},"response":{"statusCode":403}},"exit":1,"message":"Request to https://compute.googleapis.com/compute/v1/projects/727032784711 had HTTP Error: 403, Compute Engine API has not been used in project 727032784711 before or it is disabled. Enable it by visiting https://console.developers.google.com/apis/api/compute.googleapis.com/overview?project=727032784711 then retry. If you enabled this API recently, wait a few minutes for the action to propagate to our systems and retry.","status":403}
[debug] [2026-06-13T10:42:41.642Z] Checked if tokens are valid: true, expires at: 1781349509064
[debug] [2026-06-13T10:42:41.642Z] Checked if tokens are valid: true, expires at: 1781349509064
[debug] [2026-06-13T10:42:41.642Z] >>> [apiv2][query] GET https://compute.googleapis.com/compute/v1/projects/727032784711 [none]
[debug] [2026-06-13T10:42:41.743Z] <<< [apiv2][status] GET https://compute.googleapis.com/compute/v1/projects/727032784711 403
[debug] [2026-06-13T10:42:41.743Z] <<< [apiv2][body] GET https://compute.googleapis.com/compute/v1/projects/727032784711 {"error":{"code":403,"message":"Compute Engine API has not been used in project 727032784711 before or it is disabled. Enable it by visiting https://console.developers.google.com/apis/api/compute.googleapis.com/overview?project=727032784711 then retry. If you enabled this API recently, wait a few minutes for the action to propagate to our systems and retry.","errors":[{"message":"Compute Engine API has not been used in project 727032784711 before or it is disabled. Enable it by visiting https://console.developers.google.com/apis/api/compute.googleapis.com/overview?project=727032784711 then retry. If you enabled this API recently, wait a few minutes for the action to propagate to our systems and retry.","domain":"usageLimits","reason":"accessNotConfigured","extendedHelp":"https://console.developers.google.com"}],"status":"PERMISSION_DENIED","details":[{"@type":"type.googleapis.com/google.rpc.ErrorInfo","reason":"SERVICE_DISABLED","domain":"googleapis.com","metadata":{"service":"compute.googleapis.com","serviceTitle":"Compute Engine API","activationUrl":"https://console.developers.google.com/apis/api/compute.googleapis.com/overview?project=727032784711","consumer":"projects/727032784711","containerInfo":"727032784711"}},{"@type":"type.googleapis.com/google.rpc.LocalizedMessage","locale":"en-US","message":"Compute Engine API has not been used in project 727032784711 before or it is disabled. Enable it by visiting https://console.developers.google.com/apis/api/compute.googleapis.com/overview?project=727032784711 then retry. If you enabled this API recently, wait a few minutes for the action to propagate to our systems and retry."},{"@type":"type.googleapis.com/google.rpc.Help","links":[{"description":"Google developers console API activation","url":"https://console.developers.google.com/apis/api/compute.googleapis.com/overview?project=727032784711"}]}]}}
[debug] [2026-06-13T10:42:41.744Z] unable to look up default compute service account. Falling back to 727032784711-compute@developer.gserviceaccount.com. Error: {"name":"FirebaseError","children":[],"context":{"body":{"error":{"code":403,"message":"Compute Engine API has not been used in project 727032784711 before or it is disabled. Enable it by visiting https://console.developers.google.com/apis/api/compute.googleapis.com/overview?project=727032784711 then retry. If you enabled this API recently, wait a few minutes for the action to propagate to our systems and retry.","errors":[{"message":"Compute Engine API has not been used in project 727032784711 before or it is disabled. Enable it by visiting https://console.developers.google.com/apis/api/compute.googleapis.com/overview?project=727032784711 then retry. If you enabled this API recently, wait a few minutes for the action to propagate to our systems and retry.","domain":"usageLimits","reason":"accessNotConfigured","extendedHelp":"https://console.developers.google.com"}],"status":"PERMISSION_DENIED","details":[{"@type":"type.googleapis.com/google.rpc.ErrorInfo","reason":"SERVICE_DISABLED","domain":"googleapis.com","metadata":{"service":"compute.googleapis.com","serviceTitle":"Compute Engine API","activationUrl":"https://console.developers.google.com/apis/api/compute.googleapis.com/overview?project=727032784711","consumer":"projects/727032784711","containerInfo":"727032784711"}},{"@type":"type.googleapis.com/google.rpc.LocalizedMessage","locale":"en-US","message":"Compute Engine API has not been used in project 727032784711 before or it is disabled. Enable it by visiting https://console.developers.google.com/apis/api/compute.googleapis.com/overview?project=727032784711 then retry. If you enabled this API recently, wait a few minutes for the action to propagate to our systems and retry."},{"@type":"type.googleapis.com/google.rpc.Help","links":[{"description":"Google developers console API activation","url":"https://console.developers.google.com/apis/api/compute.googleapis.com/overview?project=727032784711"}]}]}},"response":{"statusCode":403}},"exit":1,"message":"Request to https://compute.googleapis.com/compute/v1/projects/727032784711 had HTTP Error: 403, Compute Engine API has not been used in project 727032784711 before or it is disabled. Enable it by visiting https://console.developers.google.com/apis/api/compute.googleapis.com/overview?project=727032784711 then retry. If you enabled this API recently, wait a few minutes for the action to propagate to our systems and retry.","status":403}
[debug] [2026-06-13T10:42:41.744Z] Checked if tokens are valid: true, expires at: 1781349509064
[debug] [2026-06-13T10:42:41.745Z] Checked if tokens are valid: true, expires at: 1781349509064
[debug] [2026-06-13T10:42:41.745Z] >>> [apiv2][query] GET https://cloudbilling.googleapis.com/v1/projects/momentum-app-prod-1e870/billingInfo [none]
[debug] [2026-06-13T10:42:42.262Z] <<< [apiv2][status] GET https://cloudbilling.googleapis.com/v1/projects/momentum-app-prod-1e870/billingInfo 200
[debug] [2026-06-13T10:42:42.262Z] <<< [apiv2][body] GET https://cloudbilling.googleapis.com/v1/projects/momentum-app-prod-1e870/billingInfo {"name":"projects/momentum-app-prod-1e870/billingInfo","projectId":"momentum-app-prod-1e870","billingAccountName":"billingAccounts/018413-FB3B6A-A9B3E4","billingEnabled":true}
[debug] [2026-06-13T10:42:42.264Z] Checked if tokens are valid: true, expires at: 1781349509064
[debug] [2026-06-13T10:42:42.264Z] Checked if tokens are valid: true, expires at: 1781349509064
[debug] [2026-06-13T10:42:42.264Z] >>> [apiv2][query] POST https://cloudfunctions.googleapis.com/v2/projects/momentum-app-prod-1e870/locations/us-central1/functions:generateUploadUrl [none]
[debug] [2026-06-13T10:42:42.640Z] <<< [apiv2][status] POST https://cloudfunctions.googleapis.com/v2/projects/momentum-app-prod-1e870/locations/us-central1/functions:generateUploadUrl 200
[debug] [2026-06-13T10:42:42.640Z] <<< [apiv2][body] POST https://cloudfunctions.googleapis.com/v2/projects/momentum-app-prod-1e870/locations/us-central1/functions:generateUploadUrl {"uploadUrl":"https://storage.googleapis.com/gcf-v2-uploads-727032784711.us-central1.cloudfunctions.appspot.com/2d008459-df8a-4366-befe-746fa17737cd.zip?GoogleAccessId=service-727032784711@gcf-admin-robot.iam.gserviceaccount.com&Expires=1781349162&Signature=GgO1AEJNgGUviEAENdlh1OgwrPtY0l1nU7X3%2BjRsY%2F9QIMjM%2BntcF8O4uhvg5zi0KDc%2FhgcWTgc6W4KZfewYB8V3cyVzsc72aooz1YDCY3%2B4VA1b53rdBO9bpghgRJ%2F5JvLmt7YBBCjbEzoRs9ECbL%2FmDiSuoPboMcV3hG1zgBp5hDhg8WHBWvYL3M60BQhAPuM%2B1g%2F1lw0EwTn4HXc2zgL9Wbl1GfOm6i%2FwaXgHoW%2FMAX4YNcRxLLAC7DveC4%2F00F6gHuD5v8pKJHRxOZGhC5fAt6F5JUB%2B2lpaiyUvmr7yfXI01hW7pvAlPLVYEf7Tmh98lG18E5gR2Jui%2BCwnQg%3D%3D","storageSource":{"bucket":"gcf-v2-uploads-727032784711.us-central1.cloudfunctions.appspot.com","object":"2d008459-df8a-4366-befe-746fa17737cd.zip"}}
[debug] [2026-06-13T10:42:42.642Z] >>> [apiv2][query] PUT https://storage.googleapis.com/gcf-v2-uploads-727032784711.us-central1.cloudfunctions.appspot.com/2d008459-df8a-4366-befe-746fa17737cd.zip GoogleAccessId=service-727032784711%40gcf-admin-robot.iam.gserviceaccount.com&Expires=1781349162&Signature=GgO1AEJNgGUviEAENdlh1OgwrPtY0l1nU7X3%2BjRsY%2F9QIMjM%2BntcF8O4uhvg5zi0KDc%2FhgcWTgc6W4KZfewYB8V3cyVzsc72aooz1YDCY3%2B4VA1b53rdBO9bpghgRJ%2F5JvLmt7YBBCjbEzoRs9ECbL%2FmDiSuoPboMcV3hG1zgBp5hDhg8WHBWvYL3M60BQhAPuM%2B1g%2F1lw0EwTn4HXc2zgL9Wbl1GfOm6i%2FwaXgHoW%2FMAX4YNcRxLLAC7DveC4%2F00F6gHuD5v8pKJHRxOZGhC5fAt6F5JUB%2B2lpaiyUvmr7yfXI01hW7pvAlPLVYEf7Tmh98lG18E5gR2Jui%2BCwnQg%3D%3D
[debug] [2026-06-13T10:42:42.642Z] >>> [apiv2][body] PUT https://storage.googleapis.com/gcf-v2-uploads-727032784711.us-central1.cloudfunctions.appspot.com/2d008459-df8a-4366-befe-746fa17737cd.zip [stream]
[debug] [2026-06-13T10:42:42.954Z] <<< [apiv2][status] PUT https://storage.googleapis.com/gcf-v2-uploads-727032784711.us-central1.cloudfunctions.appspot.com/2d008459-df8a-4366-befe-746fa17737cd.zip 200
[debug] [2026-06-13T10:42:42.954Z] <<< [apiv2][body] PUT https://storage.googleapis.com/gcf-v2-uploads-727032784711.us-central1.cloudfunctions.appspot.com/2d008459-df8a-4366-befe-746fa17737cd.zip [omitted]
[info] ✔  functions: functions source uploaded successfully 
[info] i  functions: updating Node.js 20 (2nd Gen) function finalizeBattle(us-central1)... 
[debug] [2026-06-13T10:42:42.957Z] Checked if tokens are valid: true, expires at: 1781349509064
[debug] [2026-06-13T10:42:42.957Z] Checked if tokens are valid: true, expires at: 1781349509064
[debug] [2026-06-13T10:42:42.957Z] >>> [apiv2][query] PATCH https://cloudfunctions.googleapis.com/v2/projects/momentum-app-prod-1e870/locations/us-central1/functions/finalizeBattle updateMask=name%2CbuildConfig.runtime%2CbuildConfig.entryPoint%2CbuildConfig.source.storageSource.bucket%2CbuildConfig.source.storageSource.object%2CbuildConfig.environmentVariables%2CbuildConfig.sourceToken%2CserviceConfig.environmentVariables%2CserviceConfig.ingressSettings%2CserviceConfig.timeoutSeconds%2CserviceConfig.serviceAccountEmail%2CserviceConfig.availableMemory%2CserviceConfig.minInstanceCount%2CserviceConfig.maxInstanceCount%2CserviceConfig.maxInstanceRequestConcurrency%2CserviceConfig.availableCpu%2CserviceConfig.vpcConnector%2CserviceConfig.vpcConnectorEgressSettings%2CserviceConfig.directVpcNetworkInterface%2CserviceConfig.directVpcEgress%2Clabels
[debug] [2026-06-13T10:42:42.957Z] >>> [apiv2][body] PATCH https://cloudfunctions.googleapis.com/v2/projects/momentum-app-prod-1e870/locations/us-central1/functions/finalizeBattle {"name":"projects/momentum-app-prod-1e870/locations/us-central1/functions/finalizeBattle","buildConfig":{"runtime":"nodejs20","entryPoint":"finalizeBattle","source":{"storageSource":{"bucket":"gcf-v2-uploads-727032784711.us-central1.cloudfunctions.appspot.com","object":"2d008459-df8a-4366-befe-746fa17737cd.zip"}},"environmentVariables":{"GOOGLE_NODE_RUN_SCRIPTS":""}},"serviceConfig":{"environmentVariables":{"FIREBASE_CONFIG":"{\"projectId\":\"momentum-app-prod-1e870\",\"storageBucket\":\"momentum-app-prod-1e870.firebasestorage.app\"}","GCLOUD_PROJECT":"momentum-app-prod-1e870","EVENTARC_CLOUD_EVENT_SOURCE":"projects/momentum-app-prod-1e870/locations/us-central1/services/finalizeBattle","FUNCTION_TARGET":"finalizeBattle","LOG_EXECUTION_ID":"true"},"ingressSettings":null,"timeoutSeconds":null,"serviceAccountEmail":null,"availableMemory":"256Mi","minInstanceCount":null,"maxInstanceCount":null,"maxInstanceRequestConcurrency":80,"availableCpu":"1","vpcConnector":null,"vpcConnectorEgressSettings":null,"directVpcNetworkInterface":null,"directVpcEgress":null},"labels":{"deployment-tool":"cli-firebase","deployment-callable":"true","firebase-functions-hash":"54376879a99dc6dc8cad15a41730a3aa144c992e"}}
[debug] [2026-06-13T10:42:43.929Z] <<< [apiv2][status] PATCH https://cloudfunctions.googleapis.com/v2/projects/momentum-app-prod-1e870/locations/us-central1/functions/finalizeBattle 200
[debug] [2026-06-13T10:42:43.929Z] <<< [apiv2][body] PATCH https://cloudfunctions.googleapis.com/v2/projects/momentum-app-prod-1e870/locations/us-central1/functions/finalizeBattle {"name":"projects/momentum-app-prod-1e870/locations/us-central1/operations/operation-1781347363129-6542040cd0999-92c2fc17-1da3446f","metadata":{"@type":"type.googleapis.com/google.cloud.functions.v2.OperationMetadata","createTime":"2026-06-13T10:42:43.953823546Z","target":"projects/momentum-app-prod-1e870/locations/us-central1/functions/finalizeBattle","verb":"update","cancelRequested":false,"apiVersion":"v2"},"done":false}
[debug] [2026-06-13T10:42:43.930Z] Checked if tokens are valid: true, expires at: 1781349509064
[debug] [2026-06-13T10:42:43.930Z] Checked if tokens are valid: true, expires at: 1781349509064
[debug] [2026-06-13T10:42:43.930Z] >>> [apiv2][query] GET https://cloudfunctions.googleapis.com/v2/projects/momentum-app-prod-1e870/locations/us-central1/operations/operation-1781347363129-6542040cd0999-92c2fc17-1da3446f [none]
[debug] [2026-06-13T10:42:44.046Z] <<< [apiv2][status] GET https://cloudfunctions.googleapis.com/v2/projects/momentum-app-prod-1e870/locations/us-central1/operations/operation-1781347363129-6542040cd0999-92c2fc17-1da3446f 200
[debug] [2026-06-13T10:42:44.046Z] <<< [apiv2][body] GET https://cloudfunctions.googleapis.com/v2/projects/momentum-app-prod-1e870/locations/us-central1/operations/operation-1781347363129-6542040cd0999-92c2fc17-1da3446f {"name":"projects/momentum-app-prod-1e870/locations/us-central1/operations/operation-1781347363129-6542040cd0999-92c2fc17-1da3446f","metadata":{"@type":"type.googleapis.com/google.cloud.functions.v2.OperationMetadata","createTime":"2026-06-13T10:42:43.953823546Z","target":"projects/momentum-app-prod-1e870/locations/us-central1/functions/finalizeBattle","verb":"update","cancelRequested":false,"apiVersion":"v2"},"done":false}
[debug] [2026-06-13T10:42:44.548Z] [update-default-us-central1-finalizeBattle] Retrying task index 0
[debug] [2026-06-13T10:42:44.548Z] Checked if tokens are valid: true, expires at: 1781349509064
[debug] [2026-06-13T10:42:44.548Z] Checked if tokens are valid: true, expires at: 1781349509064
[debug] [2026-06-13T10:42:44.548Z] >>> [apiv2][query] GET https://cloudfunctions.googleapis.com/v2/projects/momentum-app-prod-1e870/locations/us-central1/operations/operation-1781347363129-6542040cd0999-92c2fc17-1da3446f [none]
[debug] [2026-06-13T10:42:44.836Z] <<< [apiv2][status] GET https://cloudfunctions.googleapis.com/v2/projects/momentum-app-prod-1e870/locations/us-central1/operations/operation-1781347363129-6542040cd0999-92c2fc17-1da3446f 200
[debug] [2026-06-13T10:42:44.836Z] <<< [apiv2][body] GET https://cloudfunctions.googleapis.com/v2/projects/momentum-app-prod-1e870/locations/us-central1/operations/operation-1781347363129-6542040cd0999-92c2fc17-1da3446f {"name":"projects/momentum-app-prod-1e870/locations/us-central1/operations/operation-1781347363129-6542040cd0999-92c2fc17-1da3446f","metadata":{"@type":"type.googleapis.com/google.cloud.functions.v2.OperationMetadata","createTime":"2026-06-13T10:42:43.953823546Z","target":"projects/momentum-app-prod-1e870/locations/us-central1/functions/finalizeBattle","verb":"update","cancelRequested":false,"apiVersion":"v2","requestResource":{"@type":"type.googleapis.com/google.cloud.functions.v2.Function","name":"projects/momentum-app-prod-1e870/locations/us-central1/functions/finalizeBattle","buildConfig":{"runtime":"nodejs20","entryPoint":"finalizeBattle","source":{"storageSource":{"bucket":"gcf-v2-sources-727032784711-us-central1","object":"finalizeBattle/function-source.zip","generation":"1781347363894784"}},"environmentVariables":{"GOOGLE_NODE_RUN_SCRIPTS":""},"dockerRepository":"projects/momentum-app-prod-1e870/locations/us-central1/repositories/gcf-artifacts","sourceProvenance":{"resolvedStorageSource":{"bucket":"gcf-v2-sources-727032784711-us-central1","object":"finalizeBattle/function-source.zip","generation":"1781346048423180"}},"dockerRegistry":"ARTIFACT_REGISTRY","serviceAccount":"projects/momentum-app-prod-1e870/serviceAccounts/727032784711-compute@developer.gserviceaccount.com","automaticUpdatePolicy":{}},"serviceConfig":{"service":"projects/momentum-app-prod-1e870/locations/us-central1/services/finalizebattle","timeoutSeconds":60,"environmentVariables":{"FIREBASE_CONFIG":"{\"projectId\":\"momentum-app-prod-1e870\",\"storageBucket\":\"momentum-app-prod-1e870.firebasestorage.app\"}","GCLOUD_PROJECT":"momentum-app-prod-1e870","EVENTARC_CLOUD_EVENT_SOURCE":"projects/momentum-app-prod-1e870/locations/us-central1/services/finalizeBattle","FUNCTION_TARGET":"finalizeBattle","LOG_EXECUTION_ID":"true"},"ingressSettings":"ALLOW_ALL","serviceAccountEmail":"727032784711-compute@developer.gserviceaccount.com","availableMemory":"256Mi","maxInstanceRequestConcurrency":80,"availableCpu":"1"},"state":"UNKNOWN","labels":{"deployment-callable":"true","firebase-functions-hash":"54376879a99dc6dc8cad15a41730a3aa144c992e"},"stateMessages":[{"severity":"ERROR","type":"CloudRunServiceNotFound","message":"Cloud Run service projects/momentum-app-prod-1e870/locations/us-central1/services/finalizebattle for the function was not found. The function will not work correctly. Please redeploy."}],"environment":"GEN_2","url":"https://us-central1-momentum-app-prod-1e870.cloudfunctions.net/finalizeBattle","satisfiesPzi":true},"stages":[{"name":"BUILD","message":"Creating build","state":"IN_PROGRESS","resource":"projects/727032784711/locations/us-central1/builds/4928e19c-5fea-4599-9c93-c46c0340d093","resourceUri":"https://console.cloud.google.com/cloud-build/builds;region=us-central1/4928e19c-5fea-4599-9c93-c46c0340d093?project=727032784711"},{"name":"SERVICE","state":"NOT_STARTED"}],"operationType":"UPDATE_FUNCTION","buildName":"projects/727032784711/locations/us-central1/builds/4928e19c-5fea-4599-9c93-c46c0340d093"},"done":false}
[debug] [2026-06-13T10:42:45.837Z] [update-default-us-central1-finalizeBattle] Retrying task index 0
[debug] [2026-06-13T10:42:45.838Z] Checked if tokens are valid: true, expires at: 1781349509064
[debug] [2026-06-13T10:42:45.838Z] Checked if tokens are valid: true, expires at: 1781349509064
[debug] [2026-06-13T10:42:45.838Z] >>> [apiv2][query] GET https://cloudfunctions.googleapis.com/v2/projects/momentum-app-prod-1e870/locations/us-central1/operations/operation-1781347363129-6542040cd0999-92c2fc17-1da3446f [none]
[debug] [2026-06-13T10:42:46.105Z] <<< [apiv2][status] GET https://cloudfunctions.googleapis.com/v2/projects/momentum-app-prod-1e870/locations/us-central1/operations/operation-1781347363129-6542040cd0999-92c2fc17-1da3446f 200
[debug] [2026-06-13T10:42:46.105Z] <<< [apiv2][body] GET https://cloudfunctions.googleapis.com/v2/projects/momentum-app-prod-1e870/locations/us-central1/operations/operation-1781347363129-6542040cd0999-92c2fc17-1da3446f {"name":"projects/momentum-app-prod-1e870/locations/us-central1/operations/operation-1781347363129-6542040cd0999-92c2fc17-1da3446f","metadata":{"@type":"type.googleapis.com/google.cloud.functions.v2.OperationMetadata","createTime":"2026-06-13T10:42:43.953823546Z","target":"projects/momentum-app-prod-1e870/locations/us-central1/functions/finalizeBattle","verb":"update","cancelRequested":false,"apiVersion":"v2","requestResource":{"@type":"type.googleapis.com/google.cloud.functions.v2.Function","name":"projects/momentum-app-prod-1e870/locations/us-central1/functions/finalizeBattle","buildConfig":{"runtime":"nodejs20","entryPoint":"finalizeBattle","source":{"storageSource":{"bucket":"gcf-v2-sources-727032784711-us-central1","object":"finalizeBattle/function-source.zip","generation":"1781347363894784"}},"environmentVariables":{"GOOGLE_NODE_RUN_SCRIPTS":""},"dockerRepository":"projects/momentum-app-prod-1e870/locations/us-central1/repositories/gcf-artifacts","sourceProvenance":{"resolvedStorageSource":{"bucket":"gcf-v2-sources-727032784711-us-central1","object":"finalizeBattle/function-source.zip","generation":"1781346048423180"}},"dockerRegistry":"ARTIFACT_REGISTRY","serviceAccount":"projects/momentum-app-prod-1e870/serviceAccounts/727032784711-compute@developer.gserviceaccount.com","automaticUpdatePolicy":{}},"serviceConfig":{"service":"projects/momentum-app-prod-1e870/locations/us-central1/services/finalizebattle","timeoutSeconds":60,"environmentVariables":{"FIREBASE_CONFIG":"{\"projectId\":\"momentum-app-prod-1e870\",\"storageBucket\":\"momentum-app-prod-1e870.firebasestorage.app\"}","GCLOUD_PROJECT":"momentum-app-prod-1e870","EVENTARC_CLOUD_EVENT_SOURCE":"projects/momentum-app-prod-1e870/locations/us-central1/services/finalizeBattle","FUNCTION_TARGET":"finalizeBattle","LOG_EXECUTION_ID":"true"},"ingressSettings":"ALLOW_ALL","serviceAccountEmail":"727032784711-compute@developer.gserviceaccount.com","availableMemory":"256Mi","maxInstanceRequestConcurrency":80,"availableCpu":"1"},"state":"UNKNOWN","labels":{"deployment-callable":"true","firebase-functions-hash":"54376879a99dc6dc8cad15a41730a3aa144c992e"},"stateMessages":[{"severity":"ERROR","type":"CloudRunServiceNotFound","message":"Cloud Run service projects/momentum-app-prod-1e870/locations/us-central1/services/finalizebattle for the function was not found. The function will not work correctly. Please redeploy."}],"environment":"GEN_2","url":"https://us-central1-momentum-app-prod-1e870.cloudfunctions.net/finalizeBattle","satisfiesPzi":true},"stages":[{"name":"BUILD","message":"Build in progress","state":"IN_PROGRESS","resource":"projects/727032784711/locations/us-central1/builds/4928e19c-5fea-4599-9c93-c46c0340d093","resourceUri":"https://console.cloud.google.com/cloud-build/builds;region=us-central1/4928e19c-5fea-4599-9c93-c46c0340d093?project=727032784711"},{"name":"SERVICE","state":"NOT_STARTED"}],"operationType":"UPDATE_FUNCTION","buildName":"projects/727032784711/locations/us-central1/builds/4928e19c-5fea-4599-9c93-c46c0340d093"},"done":false}
[debug] [2026-06-13T10:42:48.105Z] [update-default-us-central1-finalizeBattle] Retrying task index 0
[debug] [2026-06-13T10:42:48.106Z] Checked if tokens are valid: true, expires at: 1781349509064
[debug] [2026-06-13T10:42:48.106Z] Checked if tokens are valid: true, expires at: 1781349509064
[debug] [2026-06-13T10:42:48.106Z] >>> [apiv2][query] GET https://cloudfunctions.googleapis.com/v2/projects/momentum-app-prod-1e870/locations/us-central1/operations/operation-1781347363129-6542040cd0999-92c2fc17-1da3446f [none]
[debug] [2026-06-13T10:42:48.452Z] <<< [apiv2][status] GET https://cloudfunctions.googleapis.com/v2/projects/momentum-app-prod-1e870/locations/us-central1/operations/operation-1781347363129-6542040cd0999-92c2fc17-1da3446f 200
[debug] [2026-06-13T10:42:48.452Z] <<< [apiv2][body] GET https://cloudfunctions.googleapis.com/v2/projects/momentum-app-prod-1e870/locations/us-central1/operations/operation-1781347363129-6542040cd0999-92c2fc17-1da3446f {"name":"projects/momentum-app-prod-1e870/locations/us-central1/operations/operation-1781347363129-6542040cd0999-92c2fc17-1da3446f","metadata":{"@type":"type.googleapis.com/google.cloud.functions.v2.OperationMetadata","createTime":"2026-06-13T10:42:43.953823546Z","target":"projects/momentum-app-prod-1e870/locations/us-central1/functions/finalizeBattle","verb":"update","cancelRequested":false,"apiVersion":"v2","requestResource":{"@type":"type.googleapis.com/google.cloud.functions.v2.Function","name":"projects/momentum-app-prod-1e870/locations/us-central1/functions/finalizeBattle","buildConfig":{"runtime":"nodejs20","entryPoint":"finalizeBattle","source":{"storageSource":{"bucket":"gcf-v2-sources-727032784711-us-central1","object":"finalizeBattle/function-source.zip","generation":"1781347363894784"}},"environmentVariables":{"GOOGLE_NODE_RUN_SCRIPTS":""},"dockerRepository":"projects/momentum-app-prod-1e870/locations/us-central1/repositories/gcf-artifacts","sourceProvenance":{"resolvedStorageSource":{"bucket":"gcf-v2-sources-727032784711-us-central1","object":"finalizeBattle/function-source.zip","generation":"1781346048423180"}},"dockerRegistry":"ARTIFACT_REGISTRY","serviceAccount":"projects/momentum-app-prod-1e870/serviceAccounts/727032784711-compute@developer.gserviceaccount.com","automaticUpdatePolicy":{}},"serviceConfig":{"service":"projects/momentum-app-prod-1e870/locations/us-central1/services/finalizebattle","timeoutSeconds":60,"environmentVariables":{"FIREBASE_CONFIG":"{\"projectId\":\"momentum-app-prod-1e870\",\"storageBucket\":\"momentum-app-prod-1e870.firebasestorage.app\"}","GCLOUD_PROJECT":"momentum-app-prod-1e870","EVENTARC_CLOUD_EVENT_SOURCE":"projects/momentum-app-prod-1e870/locations/us-central1/services/finalizeBattle","FUNCTION_TARGET":"finalizeBattle","LOG_EXECUTION_ID":"true"},"ingressSettings":"ALLOW_ALL","serviceAccountEmail":"727032784711-compute@developer.gserviceaccount.com","availableMemory":"256Mi","maxInstanceRequestConcurrency":80,"availableCpu":"1"},"state":"UNKNOWN","labels":{"deployment-callable":"true","firebase-functions-hash":"54376879a99dc6dc8cad15a41730a3aa144c992e"},"stateMessages":[{"severity":"ERROR","type":"CloudRunServiceNotFound","message":"Cloud Run service projects/momentum-app-prod-1e870/locations/us-central1/services/finalizebattle for the function was not found. The function will not work correctly. Please redeploy."}],"environment":"GEN_2","url":"https://us-central1-momentum-app-prod-1e870.cloudfunctions.net/finalizeBattle","satisfiesPzi":true},"stages":[{"name":"BUILD","message":"Build in progress","state":"IN_PROGRESS","resource":"projects/727032784711/locations/us-central1/builds/4928e19c-5fea-4599-9c93-c46c0340d093","resourceUri":"https://console.cloud.google.com/cloud-build/builds;region=us-central1/4928e19c-5fea-4599-9c93-c46c0340d093?project=727032784711"},{"name":"SERVICE","state":"NOT_STARTED"}],"operationType":"UPDATE_FUNCTION","buildName":"projects/727032784711/locations/us-central1/builds/4928e19c-5fea-4599-9c93-c46c0340d093"},"done":false}
[debug] [2026-06-13T10:42:52.454Z] [update-default-us-central1-finalizeBattle] Retrying task index 0
[debug] [2026-06-13T10:42:52.454Z] Checked if tokens are valid: true, expires at: 1781349509064
[debug] [2026-06-13T10:42:52.454Z] Checked if tokens are valid: true, expires at: 1781349509064
[debug] [2026-06-13T10:42:52.454Z] >>> [apiv2][query] GET https://cloudfunctions.googleapis.com/v2/projects/momentum-app-prod-1e870/locations/us-central1/operations/operation-1781347363129-6542040cd0999-92c2fc17-1da3446f [none]
[debug] [2026-06-13T10:42:52.580Z] <<< [apiv2][status] GET https://cloudfunctions.googleapis.com/v2/projects/momentum-app-prod-1e870/locations/us-central1/operations/operation-1781347363129-6542040cd0999-92c2fc17-1da3446f 200
[debug] [2026-06-13T10:42:52.580Z] <<< [apiv2][body] GET https://cloudfunctions.googleapis.com/v2/projects/momentum-app-prod-1e870/locations/us-central1/operations/operation-1781347363129-6542040cd0999-92c2fc17-1da3446f {"name":"projects/momentum-app-prod-1e870/locations/us-central1/operations/operation-1781347363129-6542040cd0999-92c2fc17-1da3446f","metadata":{"@type":"type.googleapis.com/google.cloud.functions.v2.OperationMetadata","createTime":"2026-06-13T10:42:43.953823546Z","target":"projects/momentum-app-prod-1e870/locations/us-central1/functions/finalizeBattle","verb":"update","cancelRequested":false,"apiVersion":"v2","requestResource":{"@type":"type.googleapis.com/google.cloud.functions.v2.Function","name":"projects/momentum-app-prod-1e870/locations/us-central1/functions/finalizeBattle","buildConfig":{"runtime":"nodejs20","entryPoint":"finalizeBattle","source":{"storageSource":{"bucket":"gcf-v2-sources-727032784711-us-central1","object":"finalizeBattle/function-source.zip","generation":"1781347363894784"}},"environmentVariables":{"GOOGLE_NODE_RUN_SCRIPTS":""},"dockerRepository":"projects/momentum-app-prod-1e870/locations/us-central1/repositories/gcf-artifacts","sourceProvenance":{"resolvedStorageSource":{"bucket":"gcf-v2-sources-727032784711-us-central1","object":"finalizeBattle/function-source.zip","generation":"1781346048423180"}},"dockerRegistry":"ARTIFACT_REGISTRY","serviceAccount":"projects/momentum-app-prod-1e870/serviceAccounts/727032784711-compute@developer.gserviceaccount.com","automaticUpdatePolicy":{}},"serviceConfig":{"service":"projects/momentum-app-prod-1e870/locations/us-central1/services/finalizebattle","timeoutSeconds":60,"environmentVariables":{"FIREBASE_CONFIG":"{\"projectId\":\"momentum-app-prod-1e870\",\"storageBucket\":\"momentum-app-prod-1e870.firebasestorage.app\"}","GCLOUD_PROJECT":"momentum-app-prod-1e870","EVENTARC_CLOUD_EVENT_SOURCE":"projects/momentum-app-prod-1e870/locations/us-central1/services/finalizeBattle","FUNCTION_TARGET":"finalizeBattle","LOG_EXECUTION_ID":"true"},"ingressSettings":"ALLOW_ALL","serviceAccountEmail":"727032784711-compute@developer.gserviceaccount.com","availableMemory":"256Mi","maxInstanceRequestConcurrency":80,"availableCpu":"1"},"state":"UNKNOWN","labels":{"deployment-callable":"true","firebase-functions-hash":"54376879a99dc6dc8cad15a41730a3aa144c992e"},"stateMessages":[{"severity":"ERROR","type":"CloudRunServiceNotFound","message":"Cloud Run service projects/momentum-app-prod-1e870/locations/us-central1/services/finalizebattle for the function was not found. The function will not work correctly. Please redeploy."}],"environment":"GEN_2","url":"https://us-central1-momentum-app-prod-1e870.cloudfunctions.net/finalizeBattle","satisfiesPzi":true},"stages":[{"name":"BUILD","message":"Build in progress","state":"IN_PROGRESS","resource":"projects/727032784711/locations/us-central1/builds/4928e19c-5fea-4599-9c93-c46c0340d093","resourceUri":"https://console.cloud.google.com/cloud-build/builds;region=us-central1/4928e19c-5fea-4599-9c93-c46c0340d093?project=727032784711"},{"name":"SERVICE","state":"NOT_STARTED"}],"operationType":"UPDATE_FUNCTION","buildName":"projects/727032784711/locations/us-central1/builds/4928e19c-5fea-4599-9c93-c46c0340d093"},"done":false}
[debug] [2026-06-13T10:43:00.582Z] [update-default-us-central1-finalizeBattle] Retrying task index 0
[debug] [2026-06-13T10:43:00.582Z] Checked if tokens are valid: true, expires at: 1781349509064
[debug] [2026-06-13T10:43:00.582Z] Checked if tokens are valid: true, expires at: 1781349509064
[debug] [2026-06-13T10:43:00.582Z] >>> [apiv2][query] GET https://cloudfunctions.googleapis.com/v2/projects/momentum-app-prod-1e870/locations/us-central1/operations/operation-1781347363129-6542040cd0999-92c2fc17-1da3446f [none]
[debug] [2026-06-13T10:43:00.934Z] <<< [apiv2][status] GET https://cloudfunctions.googleapis.com/v2/projects/momentum-app-prod-1e870/locations/us-central1/operations/operation-1781347363129-6542040cd0999-92c2fc17-1da3446f 200
[debug] [2026-06-13T10:43:00.934Z] <<< [apiv2][body] GET https://cloudfunctions.googleapis.com/v2/projects/momentum-app-prod-1e870/locations/us-central1/operations/operation-1781347363129-6542040cd0999-92c2fc17-1da3446f {"name":"projects/momentum-app-prod-1e870/locations/us-central1/operations/operation-1781347363129-6542040cd0999-92c2fc17-1da3446f","metadata":{"@type":"type.googleapis.com/google.cloud.functions.v2.OperationMetadata","createTime":"2026-06-13T10:42:43.953823546Z","target":"projects/momentum-app-prod-1e870/locations/us-central1/functions/finalizeBattle","verb":"update","cancelRequested":false,"apiVersion":"v2","requestResource":{"@type":"type.googleapis.com/google.cloud.functions.v2.Function","name":"projects/momentum-app-prod-1e870/locations/us-central1/functions/finalizeBattle","buildConfig":{"runtime":"nodejs20","entryPoint":"finalizeBattle","source":{"storageSource":{"bucket":"gcf-v2-sources-727032784711-us-central1","object":"finalizeBattle/function-source.zip","generation":"1781347363894784"}},"environmentVariables":{"GOOGLE_NODE_RUN_SCRIPTS":""},"dockerRepository":"projects/momentum-app-prod-1e870/locations/us-central1/repositories/gcf-artifacts","sourceProvenance":{"resolvedStorageSource":{"bucket":"gcf-v2-sources-727032784711-us-central1","object":"finalizeBattle/function-source.zip","generation":"1781346048423180"}},"dockerRegistry":"ARTIFACT_REGISTRY","serviceAccount":"projects/momentum-app-prod-1e870/serviceAccounts/727032784711-compute@developer.gserviceaccount.com","automaticUpdatePolicy":{}},"serviceConfig":{"service":"projects/momentum-app-prod-1e870/locations/us-central1/services/finalizebattle","timeoutSeconds":60,"environmentVariables":{"FIREBASE_CONFIG":"{\"projectId\":\"momentum-app-prod-1e870\",\"storageBucket\":\"momentum-app-prod-1e870.firebasestorage.app\"}","GCLOUD_PROJECT":"momentum-app-prod-1e870","EVENTARC_CLOUD_EVENT_SOURCE":"projects/momentum-app-prod-1e870/locations/us-central1/services/finalizeBattle","FUNCTION_TARGET":"finalizeBattle","LOG_EXECUTION_ID":"true"},"ingressSettings":"ALLOW_ALL","serviceAccountEmail":"727032784711-compute@developer.gserviceaccount.com","availableMemory":"256Mi","maxInstanceRequestConcurrency":80,"availableCpu":"1"},"state":"UNKNOWN","labels":{"deployment-callable":"true","firebase-functions-hash":"54376879a99dc6dc8cad15a41730a3aa144c992e"},"stateMessages":[{"severity":"ERROR","type":"CloudRunServiceNotFound","message":"Cloud Run service projects/momentum-app-prod-1e870/locations/us-central1/services/finalizebattle for the function was not found. The function will not work correctly. Please redeploy."}],"environment":"GEN_2","url":"https://us-central1-momentum-app-prod-1e870.cloudfunctions.net/finalizeBattle","satisfiesPzi":true},"stages":[{"name":"BUILD","message":"Build in progress","state":"IN_PROGRESS","resource":"projects/727032784711/locations/us-central1/builds/4928e19c-5fea-4599-9c93-c46c0340d093","resourceUri":"https://console.cloud.google.com/cloud-build/builds;region=us-central1/4928e19c-5fea-4599-9c93-c46c0340d093?project=727032784711"},{"name":"SERVICE","state":"NOT_STARTED"}],"operationType":"UPDATE_FUNCTION","buildName":"projects/727032784711/locations/us-central1/builds/4928e19c-5fea-4599-9c93-c46c0340d093"},"done":false}
[debug] [2026-06-13T10:43:10.935Z] [update-default-us-central1-finalizeBattle] Retrying task index 0
[debug] [2026-06-13T10:43:10.936Z] Checked if tokens are valid: true, expires at: 1781349509064
[debug] [2026-06-13T10:43:10.936Z] Checked if tokens are valid: true, expires at: 1781349509064
[debug] [2026-06-13T10:43:10.936Z] >>> [apiv2][query] GET https://cloudfunctions.googleapis.com/v2/projects/momentum-app-prod-1e870/locations/us-central1/operations/operation-1781347363129-6542040cd0999-92c2fc17-1da3446f [none]
[debug] [2026-06-13T10:43:11.285Z] <<< [apiv2][status] GET https://cloudfunctions.googleapis.com/v2/projects/momentum-app-prod-1e870/locations/us-central1/operations/operation-1781347363129-6542040cd0999-92c2fc17-1da3446f 200
[debug] [2026-06-13T10:43:11.285Z] <<< [apiv2][body] GET https://cloudfunctions.googleapis.com/v2/projects/momentum-app-prod-1e870/locations/us-central1/operations/operation-1781347363129-6542040cd0999-92c2fc17-1da3446f {"name":"projects/momentum-app-prod-1e870/locations/us-central1/operations/operation-1781347363129-6542040cd0999-92c2fc17-1da3446f","metadata":{"@type":"type.googleapis.com/google.cloud.functions.v2.OperationMetadata","createTime":"2026-06-13T10:42:43.953823546Z","target":"projects/momentum-app-prod-1e870/locations/us-central1/functions/finalizeBattle","verb":"update","cancelRequested":false,"apiVersion":"v2","requestResource":{"@type":"type.googleapis.com/google.cloud.functions.v2.Function","name":"projects/momentum-app-prod-1e870/locations/us-central1/functions/finalizeBattle","buildConfig":{"runtime":"nodejs20","entryPoint":"finalizeBattle","source":{"storageSource":{"bucket":"gcf-v2-sources-727032784711-us-central1","object":"finalizeBattle/function-source.zip","generation":"1781347363894784"}},"environmentVariables":{"GOOGLE_NODE_RUN_SCRIPTS":""},"dockerRepository":"projects/momentum-app-prod-1e870/locations/us-central1/repositories/gcf-artifacts","sourceProvenance":{"resolvedStorageSource":{"bucket":"gcf-v2-sources-727032784711-us-central1","object":"finalizeBattle/function-source.zip","generation":"1781346048423180"}},"dockerRegistry":"ARTIFACT_REGISTRY","serviceAccount":"projects/momentum-app-prod-1e870/serviceAccounts/727032784711-compute@developer.gserviceaccount.com","automaticUpdatePolicy":{}},"serviceConfig":{"service":"projects/momentum-app-prod-1e870/locations/us-central1/services/finalizebattle","timeoutSeconds":60,"environmentVariables":{"FIREBASE_CONFIG":"{\"projectId\":\"momentum-app-prod-1e870\",\"storageBucket\":\"momentum-app-prod-1e870.firebasestorage.app\"}","GCLOUD_PROJECT":"momentum-app-prod-1e870","EVENTARC_CLOUD_EVENT_SOURCE":"projects/momentum-app-prod-1e870/locations/us-central1/services/finalizeBattle","FUNCTION_TARGET":"finalizeBattle","LOG_EXECUTION_ID":"true"},"ingressSettings":"ALLOW_ALL","serviceAccountEmail":"727032784711-compute@developer.gserviceaccount.com","availableMemory":"256Mi","maxInstanceRequestConcurrency":80,"availableCpu":"1"},"state":"UNKNOWN","labels":{"deployment-callable":"true","firebase-functions-hash":"54376879a99dc6dc8cad15a41730a3aa144c992e"},"stateMessages":[{"severity":"ERROR","type":"CloudRunServiceNotFound","message":"Cloud Run service projects/momentum-app-prod-1e870/locations/us-central1/services/finalizebattle for the function was not found. The function will not work correctly. Please redeploy."}],"environment":"GEN_2","url":"https://us-central1-momentum-app-prod-1e870.cloudfunctions.net/finalizeBattle","satisfiesPzi":true},"stages":[{"name":"BUILD","message":"Build in progress","state":"IN_PROGRESS","resource":"projects/727032784711/locations/us-central1/builds/4928e19c-5fea-4599-9c93-c46c0340d093","resourceUri":"https://console.cloud.google.com/cloud-build/builds;region=us-central1/4928e19c-5fea-4599-9c93-c46c0340d093?project=727032784711"},{"name":"SERVICE","state":"NOT_STARTED"}],"operationType":"UPDATE_FUNCTION","buildName":"projects/727032784711/locations/us-central1/builds/4928e19c-5fea-4599-9c93-c46c0340d093"},"done":false}
[debug] [2026-06-13T10:43:21.286Z] [update-default-us-central1-finalizeBattle] Retrying task index 0
[debug] [2026-06-13T10:43:21.287Z] Checked if tokens are valid: true, expires at: 1781349509064
[debug] [2026-06-13T10:43:21.287Z] Checked if tokens are valid: true, expires at: 1781349509064
[debug] [2026-06-13T10:43:21.287Z] >>> [apiv2][query] GET https://cloudfunctions.googleapis.com/v2/projects/momentum-app-prod-1e870/locations/us-central1/operations/operation-1781347363129-6542040cd0999-92c2fc17-1da3446f [none]
[debug] [2026-06-13T10:43:21.732Z] <<< [apiv2][status] GET https://cloudfunctions.googleapis.com/v2/projects/momentum-app-prod-1e870/locations/us-central1/operations/operation-1781347363129-6542040cd0999-92c2fc17-1da3446f 200
[debug] [2026-06-13T10:43:21.732Z] <<< [apiv2][body] GET https://cloudfunctions.googleapis.com/v2/projects/momentum-app-prod-1e870/locations/us-central1/operations/operation-1781347363129-6542040cd0999-92c2fc17-1da3446f {"name":"projects/momentum-app-prod-1e870/locations/us-central1/operations/operation-1781347363129-6542040cd0999-92c2fc17-1da3446f","metadata":{"@type":"type.googleapis.com/google.cloud.functions.v2.OperationMetadata","createTime":"2026-06-13T10:42:43.953823546Z","endTime":"2026-06-13T10:43:14.603339307Z","target":"projects/momentum-app-prod-1e870/locations/us-central1/functions/finalizeBattle","verb":"update","cancelRequested":false,"apiVersion":"v2","requestResource":{"@type":"type.googleapis.com/google.cloud.functions.v2.Function","name":"projects/momentum-app-prod-1e870/locations/us-central1/functions/finalizeBattle","buildConfig":{"runtime":"nodejs20","entryPoint":"finalizeBattle","source":{"storageSource":{"bucket":"gcf-v2-sources-727032784711-us-central1","object":"finalizeBattle/function-source.zip","generation":"1781347363894784"}},"environmentVariables":{"GOOGLE_NODE_RUN_SCRIPTS":""},"dockerRepository":"projects/momentum-app-prod-1e870/locations/us-central1/repositories/gcf-artifacts","sourceProvenance":{"resolvedStorageSource":{"bucket":"gcf-v2-sources-727032784711-us-central1","object":"finalizeBattle/function-source.zip","generation":"1781346048423180"}},"dockerRegistry":"ARTIFACT_REGISTRY","serviceAccount":"projects/momentum-app-prod-1e870/serviceAccounts/727032784711-compute@developer.gserviceaccount.com","automaticUpdatePolicy":{}},"serviceConfig":{"service":"projects/momentum-app-prod-1e870/locations/us-central1/services/finalizebattle","timeoutSeconds":60,"environmentVariables":{"FIREBASE_CONFIG":"{\"projectId\":\"momentum-app-prod-1e870\",\"storageBucket\":\"momentum-app-prod-1e870.firebasestorage.app\"}","GCLOUD_PROJECT":"momentum-app-prod-1e870","EVENTARC_CLOUD_EVENT_SOURCE":"projects/momentum-app-prod-1e870/locations/us-central1/services/finalizeBattle","FUNCTION_TARGET":"finalizeBattle","LOG_EXECUTION_ID":"true"},"ingressSettings":"ALLOW_ALL","serviceAccountEmail":"727032784711-compute@developer.gserviceaccount.com","availableMemory":"256Mi","maxInstanceRequestConcurrency":80,"availableCpu":"1"},"state":"UNKNOWN","labels":{"deployment-callable":"true","firebase-functions-hash":"54376879a99dc6dc8cad15a41730a3aa144c992e"},"stateMessages":[{"severity":"ERROR","type":"CloudRunServiceNotFound","message":"Cloud Run service projects/momentum-app-prod-1e870/locations/us-central1/services/finalizebattle for the function was not found. The function will not work correctly. Please redeploy."}],"environment":"GEN_2","url":"https://us-central1-momentum-app-prod-1e870.cloudfunctions.net/finalizeBattle","satisfiesPzi":true},"stages":[{"name":"SERVICE","state":"NOT_STARTED"}],"operationType":"UPDATE_FUNCTION"},"done":true,"error":{"code":3,"message":"Build failed with status: FAILURE. Could not build the function due to a missing permission on the build service account. If you didn't revoke that permission explicitly, this could be caused by a change in the organization policies. Please refer to the following documentation for more details and resolution: https://cloud.google.com/functions/docs/troubleshooting#build-service-account\n You can also view the logs at https://console.cloud.google.com/cloud-build/builds;region=us-central1/4928e19c-5fea-4599-9c93-c46c0340d093?project=727032784711.\n"}}
[debug] [2026-06-13T10:43:21.732Z] Got source token undefined for region us-central1
[error] Build failed with status: FAILURE. Could not build the function due to a missing permission on the build service account. If you didn't revoke that permission explicitly, this could be caused by a change in the organization policies. Please refer to the following documentation for more details and resolution: https://cloud.google.com/functions/docs/troubleshooting#build-service-account
 You can also view the logs at https://console.cloud.google.com/cloud-build/builds;region=us-central1/4928e19c-5fea-4599-9c93-c46c0340d093?project=727032784711.

[debug] [2026-06-13T10:43:21.741Z] Total Function Deployment time: 38778
[debug] [2026-06-13T10:43:21.741Z] 1 Functions Deployed
[debug] [2026-06-13T10:43:21.741Z] 1 Functions Errored
[debug] [2026-06-13T10:43:21.741Z] 0 Function Deployments Aborted
[debug] [2026-06-13T10:43:21.741Z] Average Function Deployment time: 38777
[info] 
[info] Functions deploy had errors with the following functions:
	finalizeBattle(us-central1)
[debug] [2026-06-13T10:43:21.874Z] Checked if tokens are valid: true, expires at: 1781349509064
[debug] [2026-06-13T10:43:21.874Z] Checked if tokens are valid: true, expires at: 1781349509064
[debug] [2026-06-13T10:43:21.874Z] >>> [apiv2][query] GET https://artifactregistry.googleapis.com/v1/projects/momentum-app-prod-1e870/locations/us-central1/repositories/gcf-artifacts [none]
[debug] [2026-06-13T10:43:22.262Z] <<< [apiv2][status] GET https://artifactregistry.googleapis.com/v1/projects/momentum-app-prod-1e870/locations/us-central1/repositories/gcf-artifacts 200
[debug] [2026-06-13T10:43:22.262Z] <<< [apiv2][body] GET https://artifactregistry.googleapis.com/v1/projects/momentum-app-prod-1e870/locations/us-central1/repositories/gcf-artifacts {"name":"projects/momentum-app-prod-1e870/locations/us-central1/repositories/gcf-artifacts","format":"DOCKER","description":"This repository is created and used by Cloud Functions for storing function docker images.","labels":{"goog-managed-by":"cloudfunctions"},"createTime":"2026-06-13T10:21:33.073841Z","updateTime":"2026-06-13T10:25:02.936413Z","mode":"STANDARD_REPOSITORY","cleanupPolicies":{"firebase-functions-cleanup":{"id":"firebase-functions-cleanup","action":"DELETE","condition":{"tagState":"ANY","olderThan":"86400s"}}},"vulnerabilityScanningConfig":{"lastEnableTime":"2026-06-13T10:21:24.243957346Z","enablementState":"SCANNING_DISABLED","enablementStateReason":"API containerscanning.googleapis.com is not enabled."},"satisfiesPzi":true,"registryUri":"us-central1-docker.pkg.dev/momentum-app-prod-1e870/gcf-artifacts"}
[debug] [2026-06-13T10:43:22.263Z] Functions deploy failed.
[debug] [2026-06-13T10:43:22.263Z] {
  "endpoint": {
    "id": "finalizeBattle",
    "project": "momentum-app-prod-1e870",
    "region": "us-central1",
    "entryPoint": "finalizeBattle",
    "platform": "gcfv2",
    "runtime": "nodejs20",
    "callableTrigger": {},
    "labels": {
      "deployment-tool": "cli-firebase"
    },
    "serviceAccount": null,
    "ingressSettings": null,
    "availableMemoryMb": null,
    "timeoutSeconds": null,
    "maxInstances": null,
    "minInstances": null,
    "concurrency": 80,
    "vpc": null,
    "environmentVariables": {
      "FIREBASE_CONFIG": "{\"projectId\":\"momentum-app-prod-1e870\",\"storageBucket\":\"momentum-app-prod-1e870.firebasestorage.app\"}",
      "GCLOUD_PROJECT": "momentum-app-prod-1e870",
      "EVENTARC_CLOUD_EVENT_SOURCE": "projects/momentum-app-prod-1e870/locations/us-central1/services/finalizeBattle"
    },
    "codebase": "default",
    "securityLevel": "SECURE_ALWAYS",
    "cpu": 1,
    "targetedByOnly": false,
    "hash": "54376879a99dc6dc8cad15a41730a3aa144c992e"
  },
  "op": "update",
  "original": {
    "name": "FirebaseError",
    "children": [],
    "exit": 1,
    "message": "Build failed with status: FAILURE. Could not build the function due to a missing permission on the build service account. If you didn't revoke that permission explicitly, this could be caused by a change in the organization policies. Please refer to the following documentation for more details and resolution: https://cloud.google.com/functions/docs/troubleshooting#build-service-account\n You can also view the logs at https://console.cloud.google.com/cloud-build/builds;region=us-central1/4928e19c-5fea-4599-9c93-c46c0340d093?project=727032784711.\n",
    "original": {
      "code": 3,
      "message": "Build failed with status: FAILURE. Could not build the function due to a missing permission on the build service account. If you didn't revoke that permission explicitly, this could be caused by a change in the organization policies. Please refer to the following documentation for more details and resolution: https://cloud.google.com/functions/docs/troubleshooting#build-service-account\n You can also view the logs at https://console.cloud.google.com/cloud-build/builds;region=us-central1/4928e19c-5fea-4599-9c93-c46c0340d093?project=727032784711.\n"
    },
    "status": 3,
    "code": 3
  }
}
[debug] [2026-06-13T10:43:22.303Z] Error: Failed to update function finalizeBattle in region us-central1
    at /Users/bruton/.nvm/versions/node/v20.20.0/lib/node_modules/firebase-tools/lib/deploy/functions/release/fabricator.js:441:19
    at process.processTicksAndRejections (node:internal/process/task_queues:95:5)
    at async Fabricator.updateV2Function (/Users/bruton/.nvm/versions/node/v20.20.0/lib/node_modules/firebase-tools/lib/deploy/functions/release/fabricator.js:425:32)
    at async Fabricator.updateEndpoint (/Users/bruton/.nvm/versions/node/v20.20.0/lib/node_modules/firebase-tools/lib/deploy/functions/release/fabricator.js:161:13)
    at async handle (/Users/bruton/.nvm/versions/node/v20.20.0/lib/node_modules/firebase-tools/lib/deploy/functions/release/fabricator.js:92:17)
[error] 
[error] Error: There was an error deploying functions
